shop_id,date,foot_traffic,dwell_time_min,excitement_score
S01,2024-01-01,12,8.8,0.567
S01,2024-01-02,3,7.4,0.315
S01,2024-01-03,19,4.2,0.488
S01,2024-01-04,27,6.6,0.634
S01,2024-01-05,9,3.9,0.339
S01,2024-01-06,20,6.7,0.642
S01,2024-01-07,18,7.5,0.527
S01,2024-01-08,28,3.8,0.548
S01,2024-01-09,19,4.2,0.595
S01,2024-01-10,11,3.2,0.407
S01,2024-01-11,11,7.0,0.585
S01,2024-01-12,10,7.6,0.59
S01,2024-01-13,11,4.0,0.371
S01,2024-01-14,19,3.8,0.474
S01,2024-01-15,5,6.2,0.305
S01,2024-01-16,3,5.5,0.267
S01,2024-01-17,25,4.5,0.535
S01,2024-01-18,10,5.1,0.328
S01,2024-01-19,26,5.3,0.63
S01,2024-01-20,9,3.4,0.362
S01,2024-01-21,10,6.8,0.423
S01,2024-01-22,37,5.7,0.675
S01,2024-01-23,2,6.1,0.272
S01,2024-01-24,11,10.4,0.58
S01,2024-01-25,20,4.6,0.584
S01,2024-01-26,26,8.5,0.647
S01,2024-01-27,2,9.1,0.347
S01,2024-01-28,35,7.6,0.779
S01,2024-01-29,3,5.4,0.265
S01,2024-01-30,20,7.0,0.607
S01,2024-01-31,21,7.1,0.588
S01,2024-02-01,27,8.2,0.674
S01,2024-02-02,17,6.3,0.581
S01,2024-02-03,35,3.8,0.564
S01,2024-02-04,5,3.5,0.237
S01,2024-02-05,14,4.6,0.555
S01,2024-02-06,10,6.1,0.383
S01,2024-02-07,12,5.8,0.353
S01,2024-02-08,37,5.2,0.718
S01,2024-02-09,20,7.5,0.606
S01,2024-02-10,36,7.9,0.695
S01,2024-02-11,30,7.9,0.701
S01,2024-02-12,21,6.3,0.638
S01,2024-02-13,3,4.5,0.242
S01,2024-02-14,8,5.2,0.392
S01,2024-02-15,4,8.0,0.34
S01,2024-02-16,46,4.8,0.759
S01,2024-02-17,33,7.5,0.736
S01,2024-02-18,47,5.1,0.646
S01,2024-02-19,30,4.8,0.604
S01,2024-02-20,27,5.6,0.637
S01,2024-02-21,2,9.4,0.355
S01,2024-02-22,27,8.6,0.762
S01,2024-02-23,11,3.4,0.222
S01,2024-02-24,16,7.2,0.494
S01,2024-02-25,5,6.2,0.305
S01,2024-02-26,25,6.5,0.626
S01,2024-02-27,10,4.9,0.378
S01,2024-02-28,25,7.7,0.712
S01,2024-02-29,34,8.6,0.816
S02,2024-01-01,13,8.8,0.583
S02,2024-01-02,34,5.2,0.699
S02,2024-01-03,3,6.6,0.295
S02,2024-01-04,127,5.8,0.798
S02,2024-01-05,20,4.7,0.493
S02,2024-01-06,3,6.0,0.28
S02,2024-01-07,10,6.4,0.52
S02,2024-01-08,2,5.1,0.247
S02,2024-01-09,15,2.3,0.385
S02,2024-01-10,32,8.8,0.707
S02,2024-01-11,9,6.6,0.471
S02,2024-01-12,29,4.5,0.599
S02,2024-01-13,1,6.1,0.263
S02,2024-01-14,22,7.8,0.56
S02,2024-01-15,72,5.8,0.783
S02,2024-01-16,10,7.8,0.518
S02,2024-01-17,1,6.6,0.275
S02,2024-01-18,30,9.4,0.676
S02,2024-01-19,27,5.9,0.718
S02,2024-01-20,3,5.5,0.267
S02,2024-01-21,70,6.0,0.669
S02,2024-01-22,20,6.1,0.653
S02,2024-01-23,10,6.6,0.365
S02,2024-01-24,30,4.7,0.702
S02,2024-01-25,16,7.2,0.569
S02,2024-01-26,17,8.5,0.676
S02,2024-01-27,19,5.5,0.603
S02,2024-01-28,37,7.3,0.685
S02,2024-01-29,50,8.0,0.761
S02,2024-01-30,33,3.4,0.667
S02,2024-01-31,1,4.0,0.21
S02,2024-02-01,27,6.9,0.684
S02,2024-02-02,24,5.0,0.569
S02,2024-02-03,9,4.6,0.505
S02,2024-02-04,18,5.8,0.486
S02,2024-02-05,2,6.1,0.272
S02,2024-02-06,16,7.1,0.617
S02,2024-02-07,18,7.4,0.528
S02,2024-02-08,3,7.5,0.318
S02,2024-02-09,32,4.2,0.725
S02,2024-02-10,42,5.7,0.747
S02,2024-02-11,10,5.9,0.508
S02,2024-02-12,64,10.3,0.888
S02,2024-02-13,2,7.8,0.315
S02,2024-02-14,13,4.8,0.542
S02,2024-02-15,9,5.1,0.388
S02,2024-02-16,45,6.5,0.715
S02,2024-02-17,29,5.9,0.661
S02,2024-02-18,13,4.6,0.48
S02,2024-02-19,25,2.8,0.603
S02,2024-02-20,10,11.0,0.663
S02,2024-02-21,9,3.1,0.365
S02,2024-02-22,12,7.0,0.595
S02,2024-02-23,21,8.6,0.606
S02,2024-02-24,10,6.9,0.432
S02,2024-02-25,10,8.8,0.581
S02,2024-02-26,11,7.6,0.444
S02,2024-02-27,20,5.4,0.532
S02,2024-02-28,11,7.6,0.413
S02,2024-02-29,35,6.2,0.673
S03,2024-01-01,21,4.0,0.496
S03,2024-01-02,24,4.5,0.523
S03,2024-01-03,60,8.3,0.79
S03,2024-01-04,29,5.2,0.693
S03,2024-01-05,27,4.4,0.509
S03,2024-01-06,32,1.8,0.647
S03,2024-01-07,1,9.2,0.34
S03,2024-01-08,34,7.1,0.661
S03,2024-01-09,12,6.1,0.402
S03,2024-01-10,25,8.0,0.673
S03,2024-01-11,9,4.2,0.495
S03,2024-01-12,20,3.0,0.448
S03,2024-01-13,10,1.1,0.275
S03,2024-01-14,5,5.9,0.297
S03,2024-01-15,18,4.6,0.495
S03,2024-01-16,45,5.7,0.704
S03,2024-01-17,50,10.6,0.895
S03,2024-01-18,36,4.0,0.69
S03,2024-01-19,33,3.5,0.62
S03,2024-01-20,41,4.6,0.801
S03,2024-01-21,2,4.7,0.237
S03,2024-01-22,24,4.7,0.565
S03,2024-01-23,27,5.6,0.648
S03,2024-01-24,12,5.3,0.378
S03,2024-01-25,9,3.0,0.193
S03,2024-01-26,19,9.2,0.655
S03,2024-01-27,19,2.8,0.525
S03,2024-01-28,34,5.0,0.612
S03,2024-01-29,18,6.6,0.544
S03,2024-01-30,9,2.9,0.396
S03,2024-01-31,51,6.4,0.762
S03,2024-02-01,12,4.2,0.418
S03,2024-02-02,13,5.7,0.422
S03,2024-02-03,9,7.5,0.479
S03,2024-02-04,2,4.9,0.242
S03,2024-02-05,11,3.5,0.319
S03,2024-02-06,20,7.1,0.559
S03,2024-02-07,36,3.3,0.683
S03,2024-02-08,20,6.9,0.592
S03,2024-02-09,27,7.0,0.627
S03,2024-02-10,34,7.9,0.731
S03,2024-02-11,21,6.2,0.653
S03,2024-02-12,34,6.8,0.686
S03,2024-02-13,10,6.4,0.517
S03,2024-02-14,31,3.5,0.558
S03,2024-02-15,10,6.9,0.351
S03,2024-02-16,33,8.6,0.715
S03,2024-02-17,20,6.4,0.488
S03,2024-02-18,43,6.1,0.74
S03,2024-02-19,66,7.9,0.767
S03,2024-02-20,14,5.5,0.535
S03,2024-02-21,26,4.6,0.511
S03,2024-02-22,4,5.7,0.283
S03,2024-02-23,34,4.5,0.653
S03,2024-02-24,50,4.9,0.708
S03,2024-02-25,19,5.0,0.477
S03,2024-02-26,92,4.5,0.724
S03,2024-02-27,26,6.8,0.64
S03,2024-02-28,26,4.9,0.57
S03,2024-02-29,23,5.3,0.634
S04,2024-01-01,11,5.1,0.453
S04,2024-01-02,36,6.4,0.764
S04,2024-01-03,15,6.9,0.495
S04,2024-01-04,5,7.5,0.337
S04,2024-01-05,25,4.8,0.553
S04,2024-01-06,26,6.9,0.647
S04,2024-01-07,5,5.4,0.285
S04,2024-01-08,29,6.4,0.687
S04,2024-01-09,30,7.9,0.77
S04,2024-01-10,19,4.2,0.462
S04,2024-01-11,9,8.8,0.41
S04,2024-01-12,4,5.9,0.287
S04,2024-01-13,11,8.0,0.442
S04,2024-01-14,20,8.4,0.618
S04,2024-01-15,27,5.6,0.605
S04,2024-01-16,32,6.6,0.676
S04,2024-01-17,20,6.6,0.49
S04,2024-01-18,36,6.8,0.734
S04,2024-01-19,34,6.7,0.635
S04,2024-01-20,2,4.6,0.235
S04,2024-01-21,19,5.2,0.54
S04,2024-01-22,20,1.6,0.448
S04,2024-01-23,9,10.3,0.647
S04,2024-01-24,9,6.0,0.272
S04,2024-01-25,41,5.5,0.763
S04,2024-01-26,2,5.8,0.265
S04,2024-01-27,10,6.5,0.453
S04,2024-01-28,16,4.6,0.507
S04,2024-01-29,1,7.3,0.292
S04,2024-01-30,19,6.7,0.6
S04,2024-01-31,68,4.1,0.706
S04,2024-02-01,4,5.0,0.265
S04,2024-02-02,70,8.0,0.774
S04,2024-02-03,27,5.8,0.581
S04,2024-02-04,60,6.4,0.775
S04,2024-02-05,21,7.9,0.636
S04,2024-02-06,5,6.9,0.323
S04,2024-02-07,18,6.5,0.643
S04,2024-02-08,34,2.0,0.652
S04,2024-02-09,27,6.4,0.683
S04,2024-02-10,2,5.9,0.267
S04,2024-02-11,9,6.9,0.465
S04,2024-02-12,3,8.7,0.347
S04,2024-02-13,17,7.5,0.513
S04,2024-02-14,14,5.4,0.388
S04,2024-02-15,10,5.0,0.495
S04,2024-02-16,28,6.3,0.673
S04,2024-02-17,7,6.8,0.34
S04,2024-02-18,2,6.5,0.282
S04,2024-02-19,22,4.8,0.576
S04,2024-02-20,2,6.4,0.28
S04,2024-02-21,11,6.8,0.398
S04,2024-02-22,10,5.9,0.458
S04,2024-02-23,66,6.6,0.741
S04,2024-02-24,21,5.7,0.583
S04,2024-02-25,27,6.0,0.676
S04,2024-02-26,10,6.3,0.557
S04,2024-02-27,28,4.7,0.577
S04,2024-02-28,1,3.9,0.208
S04,2024-02-29,15,3.2,0.241
S05,2024-01-01,16,7.4,0.591
S05,2024-01-02,35,6.5,0.732
S05,2024-01-03,10,7.7,0.562
S05,2024-01-04,3,4.9,0.253
S05,2024-01-05,17,4.3,0.519
S05,2024-01-06,18,7.0,0.582
S05,2024-01-07,12,6.8,0.465
S05,2024-01-08,3,6.3,0.287
S05,2024-01-09,20,4.7,0.534
S05,2024-01-10,34,7.6,0.684
S05,2024-01-11,18,7.1,0.581
S05,2024-01-12,33,6.7,0.706
S05,2024-01-13,11,5.8,0.555
S05,2024-01-14,45,10.6,0.94
S05,2024-01-15,20,7.0,0.592
S05,2024-01-16,17,8.9,0.596
S05,2024-01-17,18,4.9,0.52
S05,2024-01-18,18,5.6,0.58
S05,2024-01-19,12,7.3,0.603
S05,2024-01-20,17,9.5,0.575
S05,2024-01-21,43,4.4,0.725
S05,2024-01-22,13,6.1,0.516
S05,2024-01-23,21,4.7,0.515
S05,2024-01-24,4,6.4,0.3
S05,2024-01-25,10,6.2,0.386
S05,2024-01-26,5,7.3,0.332
S05,2024-01-27,27,5.2,0.625
S05,2024-01-28,36,8.1,0.797
S05,2024-01-29,26,6.1,0.636
S05,2024-01-30,20,6.3,0.466
S05,2024-01-31,10,5.3,0.286
S05,2024-02-01,32,4.2,0.675
S05,2024-02-02,13,4.3,0.435
S05,2024-02-03,19,5.7,0.629
S05,2024-02-04,10,5.0,0.489
S05,2024-02-05,9,5.3,0.508
S05,2024-02-06,25,3.2,0.504
S05,2024-02-07,10,7.6,0.46
S05,2024-02-08,18,8.2,0.685
S05,2024-02-09,25,5.4,0.575
S05,2024-02-10,1,7.6,0.3
S05,2024-02-11,26,4.6,0.586
S05,2024-02-12,4,2.5,0.203
S05,2024-02-13,1,9.7,0.352
S05,2024-02-14,27,4.4,0.572
S05,2024-02-15,30,1.9,0.566
S05,2024-02-16,8,5.8,0.504
S05,2024-02-17,20,7.7,0.539
S05,2024-02-18,11,5.3,0.496
S05,2024-02-19,32,6.3,0.631
S05,2024-02-20,67,7.2,0.805
S05,2024-02-21,9,8.1,0.394
S05,2024-02-22,26,7.8,0.629
S05,2024-02-23,26,4.6,0.588
S05,2024-02-24,43,8.6,0.83
S05,2024-02-25,27,9.2,0.654
S05,2024-02-26,46,9.7,0.893
S05,2024-02-27,30,4.0,0.61
S05,2024-02-28,55,5.6,0.727
S05,2024-02-29,28,8.9,0.787
S06,2024-01-01,15,13.6,0.673
S06,2024-01-02,10,13.6,0.571
S06,2024-01-03,20,11.4,0.563
S06,2024-01-04,5,16.0,0.505
S06,2024-01-05,3,11.6,0.272
S06,2024-01-06,13,16.5,0.527
S06,2024-01-07,11,10.7,0.532
S06,2024-01-08,42,16.7,0.733
S06,2024-01-09,27,21.1,0.895
S06,2024-01-10,8,10.8,0.447
S06,2024-01-11,17,20.5,0.722
S06,2024-01-12,15,22.4,0.758
S06,2024-01-13,11,16.9,0.585
S06,2024-01-14,7,18.0,0.471
S06,2024-01-15,21,16.0,0.639
S06,2024-01-16,16,8.3,0.591
S06,2024-01-17,24,8.1,0.655
S06,2024-01-18,10,9.1,0.47
S06,2024-01-19,17,18.3,0.63
S06,2024-01-20,13,13.2,0.593
S06,2024-01-21,17,21.0,0.724
S06,2024-01-22,22,12.1,0.71
S06,2024-01-23,7,13.6,0.558
S06,2024-01-24,13,13.1,0.468
S06,2024-01-25,7,11.8,0.538
S06,2024-01-26,18,13.9,0.558
S06,2024-01-27,21,15.0,0.729
S06,2024-01-28,16,14.4,0.588
S06,2024-01-29,3,9.3,0.248
S06,2024-01-30,9,16.4,0.473
S06,2024-01-31,12,18.3,0.589
S06,2024-02-01,17,25.2,0.751
S06,2024-02-02,16,9.5,0.55
S06,2024-02-03,16,1.7,0.546
S06,2024-02-04,13,11.4,0.625
S06,2024-02-05,7,16.5,0.53
S06,2024-02-06,4,15.3,0.328
S06,2024-02-07,5,13.9,0.475
S06,2024-02-08,14,18.4,0.713
S06,2024-02-09,29,16.1,0.781
S06,2024-02-10,6,18.1,0.39
S06,2024-02-11,9,16.8,0.524
S06,2024-02-12,13,22.7,0.654
S06,2024-02-13,8,9.5,0.33
S06,2024-02-14,30,19.0,0.849
S06,2024-02-15,3,24.9,0.415
S06,2024-02-16,52,13.3,0.827
S06,2024-02-17,13,19.5,0.577
S06,2024-02-18,2,12.4,0.265
S06,2024-02-19,5,10.1,0.288
S06,2024-02-20,32,12.0,0.744
S06,2024-02-21,18,14.8,0.641
S06,2024-02-22,13,16.2,0.629
S06,2024-02-23,37,14.8,0.756
S06,2024-02-24,9,11.8,0.371
S06,2024-02-25,15,13.6,0.514
S06,2024-02-26,10,17.7,0.612
S06,2024-02-27,13,11.8,0.502
S06,2024-02-28,11,6.1,0.45
S06,2024-02-29,3,12.8,0.285
S07,2024-01-01,36,17.1,0.79
S07,2024-01-02,19,11.3,0.639
S07,2024-01-03,17,15.1,0.586
S07,2024-01-04,9,16.7,0.484
S07,2024-01-05,6,9.7,0.3
S07,2024-01-06,11,17.3,0.583
S07,2024-01-07,31,10.9,0.762
S07,2024-01-08,10,8.5,0.545
S07,2024-01-09,18,15.9,0.736
S07,2024-01-10,12,8.8,0.375
S07,2024-01-11,11,12.7,0.612
S07,2024-01-12,14,10.8,0.504
S07,2024-01-13,7,18.5,0.568
S07,2024-01-14,28,14.1,0.794
S07,2024-01-15,10,12.0,0.5
S07,2024-01-16,1,14.6,0.272
S07,2024-01-17,11,5.0,0.452
S07,2024-01-18,17,11.0,0.597
S07,2024-01-19,10,14.9,0.595
S07,2024-01-20,5,17.2,0.364
S07,2024-01-21,6,6.9,0.255
S07,2024-01-22,16,11.3,0.606
S07,2024-01-23,26,9.0,0.685
S07,2024-01-24,12,17.9,0.496
S07,2024-01-25,9,12.9,0.479
S07,2024-01-26,2,8.9,0.227
S07,2024-01-27,8,6.9,0.353
S07,2024-01-28,7,10.6,0.477
S07,2024-01-29,5,12.0,0.309
S07,2024-01-30,7,13.9,0.426
S07,2024-01-31,7,12.9,0.399
S07,2024-02-01,13,20.7,0.631
S07,2024-02-02,28,16.2,0.77
S07,2024-02-03,10,5.4,0.455
S07,2024-02-04,26,8.7,0.66
S07,2024-02-05,7,10.4,0.323
S07,2024-02-06,6,8.8,0.29
S07,2024-02-07,5,16.1,0.483
S07,2024-02-08,15,12.5,0.63
S07,2024-02-09,3,15.2,0.311
S07,2024-02-10,10,16.7,0.404
S07,2024-02-11,21,11.0,0.72
S07,2024-02-12,8,13.2,0.377
S07,2024-02-13,2,18.8,0.333
S07,2024-02-14,13,22.2,0.668
S07,2024-02-15,7,13.0,0.509
S07,2024-02-16,7,11.8,0.384
S07,2024-02-17,9,17.6,0.535
S07,2024-02-18,4,10.6,0.278
S07,2024-02-19,21,13.9,0.699
S07,2024-02-20,23,14.1,0.711
S07,2024-02-21,11,16.6,0.529
S07,2024-02-22,6,13.3,0.431
S07,2024-02-23,8,11.0,0.358
S07,2024-02-24,13,14.3,0.626
S07,2024-02-25,12,14.1,0.574
S07,2024-02-26,7,9.4,0.313
S07,2024-02-27,4,17.3,0.349
S07,2024-02-28,17,15.4,0.695
S07,2024-02-29,17,10.0,0.6
S08,2024-01-01,25,18.0,0.809
S08,2024-01-02,6,9.7,0.485
S08,2024-01-03,12,8.3,0.483
S08,2024-01-04,10,10.6,0.46
S08,2024-01-05,30,20.6,0.881
S08,2024-01-06,5,8.4,0.44
S08,2024-01-07,22,16.6,0.691
S08,2024-01-08,14,19.1,0.533
S08,2024-01-09,7,12.1,0.452
S08,2024-01-10,14,20.1,0.658
S08,2024-01-11,18,19.4,0.628
S08,2024-01-12,13,17.4,0.639
S08,2024-01-13,21,14.2,0.71
S08,2024-01-14,1,9.8,0.221
S08,2024-01-15,1,13.0,0.255
S08,2024-01-16,8,9.8,0.352
S08,2024-01-17,21,13.0,0.652
S08,2024-01-18,5,14.8,0.394
S08,2024-01-19,19,18.2,0.71
S08,2024-01-20,40,8.3,0.687
S08,2024-01-21,7,13.6,0.358
S08,2024-01-22,11,7.1,0.393
S08,2024-01-23,12,8.7,0.385
S08,2024-01-24,3,11.4,0.27
S08,2024-01-25,14,16.7,0.703
S08,2024-01-26,3,13.0,0.287
S08,2024-01-27,10,10.5,0.499
S08,2024-01-28,14,22.8,0.75
S08,2024-01-29,14,8.0,0.566
S08,2024-01-30,11,12.9,0.461
S08,2024-01-31,62,11.0,0.74
S08,2024-02-01,13,14.7,0.441
S08,2024-02-02,4,15.0,0.325
S08,2024-02-03,11,8.9,0.391
S08,2024-02-04,18,11.1,0.628
S08,2024-02-05,2,9.4,0.233
S08,2024-02-06,7,10.8,0.445
S08,2024-02-07,10,7.4,0.468
S08,2024-02-08,11,11.1,0.54
S08,2024-02-09,23,17.3,0.736
S08,2024-02-10,21,14.9,0.796
S08,2024-02-11,6,13.2,0.337
S08,2024-02-12,22,8.7,0.716
S08,2024-02-13,17,15.5,0.656
S08,2024-02-14,25,18.4,0.809
S08,2024-02-15,8,17.1,0.43
S08,2024-02-16,10,15.5,0.572
S08,2024-02-17,7,12.0,0.467
S08,2024-02-18,30,16.9,0.781
S08,2024-02-19,13,9.2,0.459
S08,2024-02-20,13,11.5,0.61
S08,2024-02-21,7,20.0,0.568
S08,2024-02-22,14,16.7,0.666
S08,2024-02-23,13,7.7,0.514
S08,2024-02-24,22,16.8,0.711
S08,2024-02-25,8,15.8,0.547
S08,2024-02-26,27,15.9,0.737
S08,2024-02-27,16,11.8,0.579
S08,2024-02-28,10,7.6,0.475
S08,2024-02-29,23,12.5,0.793
S09,2024-01-01,9,9.8,0.443
S09,2024-01-02,1,12.8,0.253
S09,2024-01-03,10,14.3,0.486
S09,2024-01-04,8,11.3,0.476
S09,2024-01-05,6,11.0,0.449
S09,2024-01-06,2,17.9,0.324
S09,2024-01-07,20,12.3,0.634
S09,2024-01-08,13,15.1,0.634
S09,2024-01-09,22,20.4,0.715
S09,2024-01-10,8,11.4,0.313
S09,2024-01-11,7,14.9,0.531
S09,2024-01-12,11,14.3,0.515
S09,2024-01-13,15,21.0,0.625
S09,2024-01-14,11,19.6,0.559
S09,2024-01-15,35,16.8,0.787
S09,2024-01-16,21,7.5,0.586
S09,2024-01-17,27,13.0,0.678
S09,2024-01-18,23,13.8,0.65
S09,2024-01-19,8,13.9,0.577
S09,2024-01-20,19,13.3,0.677
S09,2024-01-21,10,21.3,0.646
S09,2024-01-22,17,19.8,0.703
S09,2024-01-23,7,10.7,0.446
S09,2024-01-24,6,11.1,0.344
S09,2024-01-25,3,16.1,0.321
S09,2024-01-26,16,16.0,0.533
S09,2024-01-27,6,14.6,0.495
S09,2024-01-28,9,17.2,0.453
S09,2024-01-29,18,22.4,0.802
S09,2024-01-30,12,10.8,0.561
S09,2024-01-31,5,14.1,0.531
S09,2024-02-01,22,5.9,0.545
S09,2024-02-02,8,16.3,0.552
S09,2024-02-03,14,9.6,0.556
S09,2024-02-04,18,18.4,0.701
S09,2024-02-05,9,12.0,0.425
S09,2024-02-06,8,14.7,0.473
S09,2024-02-07,7,26.5,0.496
S09,2024-02-08,7,14.5,0.313
S09,2024-02-09,1,21.3,0.344
S09,2024-02-10,8,14.4,0.537
S09,2024-02-11,1,7.6,0.197
S09,2024-02-12,7,18.3,0.603
S09,2024-02-13,14,22.8,0.681
S09,2024-02-14,9,10.1,0.406
S09,2024-02-15,17,15.1,0.703
S09,2024-02-16,8,13.8,0.488
S09,2024-02-17,13,10.8,0.515
S09,2024-02-18,21,8.5,0.602
S09,2024-02-19,21,13.1,0.661
S09,2024-02-20,8,12.8,0.406
S09,2024-02-21,7,18.0,0.354
S09,2024-02-22,5,11.3,0.301
S09,2024-02-23,16,9.0,0.532
S09,2024-02-24,8,16.7,0.422
S09,2024-02-25,10,9.2,0.432
S09,2024-02-26,32,15.9,0.785
S09,2024-02-27,3,20.1,0.363
S09,2024-02-28,8,15.2,0.486
S09,2024-02-29,19,15.9,0.638
S10,2024-01-01,12,9.4,0.495
S10,2024-01-02,3,10.7,0.263
S10,2024-01-03,15,9.4,0.533
S10,2024-01-04,41,17.7,0.861
S10,2024-01-05,2,18.4,0.329
S10,2024-01-06,17,16.3,0.562
S10,2024-01-07,27,12.6,0.688
S10,2024-01-08,1,16.1,0.288
S10,2024-01-09,23,11.0,0.733
S10,2024-01-10,21,14.5,0.706
S10,2024-01-11,7,19.1,0.53
S10,2024-01-12,12,11.5,0.525
S10,2024-01-13,18,15.6,0.599
S10,2024-01-14,12,18.6,0.639
S10,2024-01-15,9,7.8,0.303
S10,2024-01-16,12,14.6,0.448
S10,2024-01-17,24,22.2,0.833
S10,2024-01-18,12,14.0,0.445
S10,2024-01-19,18,18.0,0.774
S10,2024-01-20,15,16.0,0.553
S10,2024-01-21,17,15.0,0.637
S10,2024-01-22,19,9.2,0.62
S10,2024-01-23,21,17.9,0.694
S10,2024-01-24,25,15.1,0.66
S10,2024-01-25,23,15.1,0.698
S10,2024-01-26,42,17.4,0.775
S10,2024-01-27,8,11.2,0.548
S10,2024-01-28,17,13.3,0.672
S10,2024-01-29,6,13.7,0.452
S10,2024-01-30,8,16.0,0.503
S10,2024-01-31,13,16.5,0.589
S10,2024-02-01,7,11.7,0.361
S10,2024-02-02,14,14.8,0.531
S10,2024-02-03,13,25.3,0.709
S10,2024-02-04,17,9.0,0.544
S10,2024-02-05,15,4.2,0.567
S10,2024-02-06,14,13.8,0.54
S10,2024-02-07,24,21.2,0.782
S10,2024-02-08,2,22.0,0.368
S10,2024-02-09,3,20.8,0.371
S10,2024-02-10,17,10.2,0.592
S10,2024-02-11,5,11.0,0.298
S10,2024-02-12,12,19.0,0.622
S10,2024-02-13,7,14.8,0.42
S10,2024-02-14,3,15.2,0.311
S10,2024-02-15,8,15.6,0.39
S10,2024-02-16,17,10.1,0.564
S10,2024-02-17,14,11.2,0.61
S10,2024-02-18,16,14.6,0.708
S10,2024-02-19,18,5.1,0.527
S10,2024-02-20,3,13.8,0.296
S10,2024-02-21,10,12.2,0.578
S10,2024-02-22,7,12.3,0.514
S10,2024-02-23,2,9.3,0.232
S10,2024-02-24,19,14.4,0.611
S10,2024-02-25,2,19.4,0.34
S10,2024-02-26,37,15.4,0.82
S10,2024-02-27,12,16.2,0.624
S10,2024-02-28,9,13.5,0.467
S10,2024-02-29,9,10.6,0.488
S11,2024-01-01,66,5.5,0.799
S11,2024-01-02,52,3.3,0.643
S11,2024-01-03,6,3.6,0.248
S11,2024-01-04,17,7.6,0.625
S11,2024-01-05,26,5.3,0.556
S11,2024-01-06,39,7.6,0.718
S11,2024-01-07,39,6.3,0.62
S11,2024-01-08,30,6.9,0.633
S11,2024-01-09,15,3.5,0.4
S11,2024-01-10,62,4.9,0.769
S11,2024-01-11,37,5.6,0.6
S11,2024-01-12,38,8.1,0.744
S11,2024-01-13,30,4.4,0.481
S11,2024-01-14,15,7.8,0.619
S11,2024-01-15,28,3.4,0.532
S11,2024-01-16,27,4.0,0.487
S11,2024-01-17,52,5.3,0.7
S11,2024-01-18,36,5.7,0.627
S11,2024-01-19,50,5.1,0.73
S11,2024-01-20,49,5.7,0.685
S11,2024-01-21,15,6.1,0.393
S11,2024-01-22,40,1.9,0.466
S11,2024-01-23,16,3.2,0.32
S11,2024-01-24,13,4.4,0.48
S11,2024-01-25,3,7.6,0.348
S11,2024-01-26,15,5.0,0.35
S11,2024-01-27,41,5.2,0.664
S11,2024-01-28,51,6.9,0.735
S11,2024-01-29,27,4.7,0.588
S11,2024-01-30,36,4.9,0.513
S11,2024-01-31,75,7.0,0.868
S11,2024-02-01,13,4.3,0.504
S11,2024-02-02,40,3.1,0.632
S11,2024-02-03,26,5.9,0.544
S11,2024-02-04,15,3.7,0.25
S11,2024-02-05,15,4.7,0.461
S11,2024-02-06,51,4.1,0.698
S11,2024-02-07,26,4.8,0.505
S11,2024-02-08,48,4.0,0.69
S11,2024-02-09,16,6.5,0.579
S11,2024-02-10,28,6.8,0.618
S11,2024-02-11,14,4.6,0.434
S11,2024-02-12,45,6.3,0.682
S11,2024-02-13,50,4.4,0.607
S11,2024-02-14,39,5.4,0.704
S11,2024-02-15,26,3.2,0.433
S11,2024-02-16,27,4.9,0.61
S11,2024-02-17,38,4.4,0.594
S11,2024-02-18,91,6.1,0.777
S11,2024-02-19,15,3.3,0.355
S11,2024-02-20,27,5.9,0.517
S11,2024-02-21,40,6.7,0.601
S11,2024-02-22,51,5.3,0.731
S11,2024-02-23,38,5.6,0.607
S11,2024-02-24,24,3.6,0.465
S11,2024-02-25,26,4.0,0.465
S11,2024-02-26,6,6.1,0.323
S11,2024-02-27,2,7.7,0.344
S11,2024-02-28,27,6.6,0.584
S11,2024-02-29,4,5.5,0.292
S12,2024-01-01,36,4.7,0.559
S12,2024-01-02,15,4.5,0.354
S12,2024-01-03,26,5.3,0.485
S12,2024-01-04,13,6.4,0.55
S12,2024-01-05,40,3.5,0.544
S12,2024-01-06,19,6.6,0.625
S12,2024-01-07,40,3.6,0.547
S12,2024-01-08,14,6.8,0.437
S12,2024-01-09,16,6.3,0.515
S12,2024-01-10,24,6.1,0.605
S12,2024-01-11,26,6.8,0.576
S12,2024-01-12,125,5.2,0.72
S12,2024-01-13,3,4.6,0.258
S12,2024-01-14,15,4.1,0.406
S12,2024-01-15,72,7.5,0.802
S12,2024-01-16,1,3.6,0.215
S12,2024-01-17,27,5.8,0.592
S12,2024-01-18,15,5.5,0.504
S12,2024-01-19,15,4.9,0.547
S12,2024-01-20,49,3.5,0.648
S12,2024-01-21,38,6.0,0.62
S12,2024-01-22,24,3.1,0.377
S12,2024-01-23,39,7.4,0.674
S12,2024-01-24,15,5.9,0.448
S12,2024-01-25,50,4.4,0.647
S12,2024-01-26,16,4.8,0.481
S12,2024-01-27,27,5.6,0.575
S12,2024-01-28,37,5.1,0.522
S12,2024-01-29,27,3.3,0.54
S12,2024-01-30,28,2.5,0.508
S12,2024-01-31,14,5.6,0.37
S12,2024-02-01,52,5.2,0.657
S12,2024-02-02,14,8.2,0.471
S12,2024-02-03,72,6.8,0.802
S12,2024-02-04,15,4.7,0.525
S12,2024-02-05,39,3.3,0.586
S12,2024-02-06,1,6.6,0.305
S12,2024-02-07,26,5.7,0.636
S12,2024-02-08,48,5.7,0.714
S12,2024-02-09,17,1.2,0.199
S12,2024-02-10,95,4.7,0.705
S12,2024-02-11,25,3.4,0.566
S12,2024-02-12,87,5.5,0.777
S12,2024-02-13,18,6.8,0.338
S12,2024-02-14,157,3.1,0.649
S12,2024-02-15,52,5.4,0.734
S12,2024-02-16,2,4.3,0.242
S12,2024-02-17,15,3.1,0.437
S12,2024-02-18,2,5.2,0.269
S12,2024-02-19,27,3.9,0.582
S12,2024-02-20,12,5.3,0.411
S12,2024-02-21,24,3.0,0.439
S12,2024-02-22,46,4.9,0.562
S12,2024-02-23,50,4.9,0.652
S12,2024-02-24,7,3.8,0.261
S12,2024-02-25,16,5.2,0.5
S12,2024-02-26,62,5.2,0.754
S12,2024-02-27,26,5.8,0.575
S12,2024-02-28,16,3.7,0.518
S12,2024-02-29,28,3.0,0.526
S13,2024-01-01,16,4.2,0.351
S13,2024-01-02,15,7.4,0.586
S13,2024-01-03,26,5.8,0.608
S13,2024-01-04,35,1.3,0.331
S13,2024-01-05,17,7.1,0.424
S13,2024-01-06,40,3.2,0.592
S13,2024-01-07,15,4.9,0.485
S13,2024-01-08,52,4.8,0.697
S13,2024-01-09,26,4.2,0.495
S13,2024-01-10,26,2.6,0.495
S13,2024-01-11,26,6.0,0.606
S13,2024-01-12,13,5.2,0.404
S13,2024-01-13,28,6.4,0.621
S13,2024-01-14,17,5.3,0.572
S13,2024-01-15,13,5.8,0.509
S13,2024-01-16,14,2.2,0.321
S13,2024-01-17,14,3.9,0.51
S13,2024-01-18,36,2.7,0.474
S13,2024-01-19,15,8.5,0.65
S13,2024-01-20,42,2.8,0.54
S13,2024-01-21,39,5.0,0.639
S13,2024-01-22,39,6.7,0.69
S13,2024-01-23,16,6.0,0.396
S13,2024-01-24,26,6.1,0.557
S13,2024-01-25,3,4.0,0.24
S13,2024-01-26,27,2.3,0.536
S13,2024-01-27,30,4.8,0.644
S13,2024-01-28,49,5.7,0.695
S13,2024-01-29,28,4.2,0.409
S13,2024-01-30,17,5.6,0.556
S13,2024-01-31,39,4.8,0.685
S13,2024-02-01,41,5.5,0.669
S13,2024-02-02,16,5.1,0.447
S13,2024-02-03,27,4.8,0.624
S13,2024-02-04,3,6.9,0.327
S13,2024-02-05,3,4.8,0.264
S13,2024-02-06,51,6.4,0.754
S13,2024-02-07,28,4.7,0.476
S13,2024-02-08,91,5.0,0.767
S13,2024-02-09,65,4.6,0.783
S13,2024-02-10,28,5.3,0.552
S13,2024-02-11,3,4.2,0.246
S13,2024-02-12,15,5.1,0.536
S13,2024-02-13,53,7.5,0.746
S13,2024-02-14,50,3.9,0.661
S13,2024-02-15,25,5.8,0.483
S13,2024-02-16,3,3.1,0.213
S13,2024-02-17,50,2.8,0.607
S13,2024-02-18,92,6.9,0.82
S13,2024-02-19,17,4.3,0.455
S13,2024-02-20,17,5.3,0.572
S13,2024-02-21,25,5.0,0.464
S13,2024-02-22,27,3.4,0.448
S13,2024-02-23,49,3.8,0.589
S13,2024-02-24,50,1.9,0.551
S13,2024-02-25,14,4.9,0.54
S13,2024-02-26,38,5.5,0.549
S13,2024-02-27,74,3.7,0.74
S13,2024-02-28,13,4.7,0.51
S13,2024-02-29,21,5.3,0.599
S14,2024-01-01,30,3.7,0.503
S14,2024-01-02,63,2.8,0.659
S14,2024-01-03,16,3.7,0.467
S14,2024-01-04,13,5.1,0.459
S14,2024-01-05,15,4.4,0.449
S14,2024-01-06,90,3.2,0.705
S14,2024-01-07,40,6.8,0.744
S14,2024-01-08,39,5.7,0.6
S14,2024-01-09,63,4.1,0.731
S14,2024-01-10,29,3.9,0.506
S14,2024-01-11,14,4.5,0.328
S14,2024-01-12,24,6.2,0.467
S14,2024-01-13,13,2.9,0.411
S14,2024-01-14,13,5.9,0.416
S14,2024-01-15,14,3.4,0.426
S14,2024-01-16,63,4.9,0.747
S14,2024-01-17,76,3.4,0.777
S14,2024-01-18,41,2.8,0.568
S14,2024-01-19,52,5.4,0.718
S14,2024-01-20,30,4.8,0.499
S14,2024-01-21,20,4.8,0.453
S14,2024-01-22,28,4.1,0.498
S14,2024-01-23,14,4.8,0.52
S14,2024-01-24,43,7.5,0.712
S14,2024-01-25,38,6.4,0.536
S14,2024-01-26,27,5.7,0.519
S14,2024-01-27,16,6.5,0.566
S14,2024-01-28,52,4.2,0.681
S14,2024-01-29,28,5.5,0.6
S14,2024-01-30,61,7.8,0.829
S14,2024-01-31,40,5.1,0.632
S14,2024-02-01,1,6.2,0.293
S14,2024-02-02,40,7.2,0.749
S14,2024-02-03,42,2.8,0.602
S14,2024-02-04,40,5.8,0.588
S14,2024-02-05,13,4.2,0.403
S14,2024-02-06,63,1.9,0.645
S14,2024-02-07,24,5.0,0.479
S14,2024-02-08,14,7.5,0.414
S14,2024-02-09,2,5.5,0.278
S14,2024-02-10,14,4.3,0.423
S14,2024-02-11,26,5.9,0.585
S14,2024-02-12,1,6.8,0.311
S14,2024-02-13,37,4.7,0.664
S14,2024-02-14,39,4.6,0.541
S14,2024-02-15,19,3.8,0.541
S14,2024-02-16,39,6.3,0.704
S14,2024-02-17,38,5.0,0.586
S14,2024-02-18,68,7.1,0.811
S14,2024-02-19,27,2.6,0.433
S14,2024-02-20,6,3.5,0.245
S14,2024-02-21,48,4.1,0.723
S14,2024-02-22,51,4.5,0.667
S14,2024-02-23,14,2.0,0.404
S14,2024-02-24,39,4.9,0.598
S14,2024-02-25,38,4.2,0.573
S14,2024-02-26,46,5.3,0.699
S14,2024-02-27,4,5.6,0.295
S14,2024-02-28,27,2.7,0.543
S14,2024-02-29,32,3.8,0.474
S15,2024-01-01,48,3.4,0.633
S15,2024-01-02,25,8.2,0.639
S15,2024-01-03,26,4.1,0.552
S15,2024-01-04,28,4.8,0.436
S15,2024-01-05,50,6.6,0.667
S15,2024-01-06,17,6.9,0.578
S15,2024-01-07,18,3.9,0.365
S15,2024-01-08,16,4.9,0.548
S15,2024-01-09,65,4.6,0.707
S15,2024-01-10,15,4.6,0.538
S15,2024-01-11,4,4.9,0.274
S15,2024-01-12,25,6.5,0.632
S15,2024-01-13,26,4.3,0.493
S15,2024-01-14,2,5.5,0.278
S15,2024-01-15,36,5.6,0.607
S15,2024-01-16,29,5.4,0.548
S15,2024-01-17,30,2.5,0.486
S15,2024-01-18,14,5.9,0.458
S15,2024-01-19,37,5.7,0.645
S15,2024-01-20,1,0.7,0.128
S15,2024-01-21,29,5.1,0.639
S15,2024-01-22,17,5.8,0.39
S15,2024-01-23,26,8.8,0.658
S15,2024-01-24,17,4.9,0.459
S15,2024-01-25,26,7.2,0.555
S15,2024-01-26,4,4.5,0.262
S15,2024-01-27,14,5.2,0.519
S15,2024-01-28,4,8.3,0.376
S15,2024-01-29,70,1.6,0.7
S15,2024-01-30,50,3.6,0.671
S15,2024-01-31,7,6.4,0.339
S15,2024-02-01,12,3.6,0.454
S15,2024-02-02,27,4.1,0.489
S15,2024-02-03,40,3.6,0.455
S15,2024-02-04,38,4.3,0.522
S15,2024-02-05,39,5.3,0.677
S15,2024-02-06,14,4.2,0.273
S15,2024-02-07,2,3.3,0.212
S15,2024-02-08,27,3.0,0.523
S15,2024-02-09,67,2.6,0.695
S15,2024-02-10,41,3.3,0.607
S15,2024-02-11,25,6.7,0.533
S15,2024-02-12,40,4.3,0.547
S15,2024-02-13,54,2.3,0.625
S15,2024-02-14,3,6.4,0.312
S15,2024-02-15,62,5.3,0.708
S15,2024-02-16,38,1.9,0.514
S15,2024-02-17,39,5.1,0.665
S15,2024-02-18,28,6.6,0.476
S15,2024-02-19,3,5.7,0.291
S15,2024-02-20,37,5.6,0.569
S15,2024-02-21,27,2.3,0.442
S15,2024-02-22,39,6.3,0.629
S15,2024-02-23,37,5.5,0.652
S15,2024-02-24,1,4.1,0.23
S15,2024-02-25,29,4.4,0.507
S15,2024-02-26,16,5.5,0.476
S15,2024-02-27,53,4.8,0.738
S15,2024-02-28,27,4.2,0.507
S15,2024-02-29,3,4.9,0.267
S16,2024-01-01,8,17.9,0.555
S16,2024-01-02,16,6.7,0.525
S16,2024-01-03,5,26.0,0.476
S16,2024-01-04,10,21.6,0.558
S16,2024-01-05,9,11.9,0.509
S16,2024-01-06,15,21.3,0.643
S16,2024-01-07,11,22.9,0.663
S16,2024-01-08,17,29.0,0.746
S16,2024-01-09,14,20.6,0.579
S16,2024-01-10,15,16.4,0.502
S16,2024-01-11,5,14.8,0.311
S16,2024-01-12,9,17.9,0.509
S16,2024-01-13,21,23.8,0.765
S16,2024-01-14,11,22.7,0.653
S16,2024-01-15,2,19.8,0.288
S16,2024-01-16,1,10.4,0.198
S16,2024-01-17,19,16.5,0.648
S16,2024-01-18,12,17.2,0.497
S16,2024-01-19,5,10.5,0.279
S16,2024-01-20,18,22.5,0.766
S16,2024-01-21,9,14.4,0.379
S16,2024-01-22,5,16.5,0.434
S16,2024-01-23,18,22.1,0.705
S16,2024-01-24,9,14.6,0.503
S16,2024-01-25,16,11.7,0.643
S16,2024-01-26,13,24.6,0.67
S16,2024-01-27,14,20.8,0.622
S16,2024-01-28,11,20.5,0.569
S16,2024-01-29,9,19.2,0.444
S16,2024-01-30,36,18.6,0.745
S16,2024-01-31,3,13.6,0.262
S16,2024-02-01,5,30.3,0.627
S16,2024-02-02,34,25.1,0.699
S16,2024-02-03,7,12.6,0.334
S16,2024-02-04,5,18.3,0.337
S16,2024-02-05,13,17.0,0.552
S16,2024-02-06,7,18.0,0.52
S16,2024-02-07,15,19.0,0.641
S16,2024-02-08,3,28.2,0.371
S16,2024-02-09,13,11.7,0.601
S16,2024-02-10,5,15.6,0.317
S16,2024-02-11,10,16.0,0.62
S16,2024-02-12,30,13.0,0.674
S16,2024-02-13,20,33.6,0.804
S16,2024-02-14,32,11.9,0.683
S16,2024-02-15,8,22.5,0.589
S16,2024-02-16,14,11.2,0.551
S16,2024-02-17,22,27.9,0.743
S16,2024-02-18,7,21.7,0.568
S16,2024-02-19,12,19.0,0.616
S16,2024-02-20,14,15.9,0.575
S16,2024-02-21,25,24.1,0.721
S16,2024-02-22,27,12.5,0.636
S16,2024-02-23,32,24.4,0.798
S16,2024-02-24,16,16.0,0.652
S16,2024-02-25,6,15.5,0.446
S16,2024-02-26,5,25.7,0.393
S16,2024-02-27,7,23.2,0.588
S16,2024-02-28,16,19.3,0.684
S16,2024-02-29,15,23.5,0.655
S17,2024-01-01,16,20.8,0.636
S17,2024-01-02,9,12.9,0.477
S17,2024-01-03,40,24.3,0.849
S17,2024-01-04,5,20.7,0.526
S17,2024-01-05,18,20.2,0.713
S17,2024-01-06,14,32.0,0.732
S17,2024-01-07,12,21.2,0.596
S17,2024-01-08,14,16.1,0.66
S17,2024-01-09,13,26.6,0.608
S17,2024-01-10,23,18.5,0.736
S17,2024-01-11,7,11.0,0.299
S17,2024-01-12,18,27.7,0.779
S17,2024-01-13,12,12.9,0.56
S17,2024-01-14,18,18.5,0.739
S17,2024-01-15,6,13.4,0.321
S17,2024-01-16,12,0.9,0.435
S17,2024-01-17,7,14.7,0.423
S17,2024-01-18,5,16.9,0.527
S17,2024-01-19,11,19.4,0.521
S17,2024-01-20,11,22.3,0.633
S17,2024-01-21,28,28.6,0.82
S17,2024-01-22,7,17.5,0.424
S17,2024-01-23,27,23.8,0.738
S17,2024-01-24,18,18.3,0.658
S17,2024-01-25,13,26.0,0.731
S17,2024-01-26,5,27.7,0.408
S17,2024-01-27,4,20.3,0.513
S17,2024-01-28,13,28.9,0.658
S17,2024-01-29,6,24.1,0.601
S17,2024-01-30,15,19.2,0.622
S17,2024-01-31,5,23.2,0.374
S17,2024-02-01,13,20.9,0.614
S17,2024-02-02,9,25.2,0.568
S17,2024-02-03,6,25.7,0.382
S17,2024-02-04,14,21.1,0.626
S17,2024-02-05,1,19.8,0.268
S17,2024-02-06,5,38.5,0.628
S17,2024-02-07,13,28.2,0.626
S17,2024-02-08,18,23.5,0.775
S17,2024-02-09,21,23.7,0.794
S17,2024-02-10,17,17.5,0.63
S17,2024-02-11,16,23.0,0.636
S17,2024-02-12,25,20.0,0.75
S17,2024-02-13,4,16.1,0.301
S17,2024-02-14,2,14.6,0.249
S17,2024-02-15,6,23.6,0.454
S17,2024-02-16,32,26.4,0.652
S17,2024-02-17,12,17.7,0.57
S17,2024-02-18,12,17.3,0.614
S17,2024-02-19,6,21.4,0.384
S17,2024-02-20,8,20.0,0.571
S17,2024-02-21,2,27.4,0.345
S17,2024-02-22,18,33.2,0.785
S17,2024-02-23,3,27.2,0.364
S17,2024-02-24,8,18.8,0.455
S17,2024-02-25,5,26.4,0.398
S17,2024-02-26,20,14.4,0.609
S17,2024-02-27,8,26.7,0.595
S17,2024-02-28,4,12.8,0.276
S17,2024-02-29,12,25.3,0.705
S18,2024-01-01,19,14.7,0.741
S18,2024-01-02,12,5.6,0.499
S18,2024-01-03,3,17.5,0.291
S18,2024-01-04,2,17.3,0.27
S18,2024-01-05,10,29.6,0.595
S18,2024-01-06,9,24.4,0.518
S18,2024-01-07,10,10.4,0.401
S18,2024-01-08,19,18.7,0.74
S18,2024-01-09,25,21.4,0.779
S18,2024-01-10,4,25.4,0.468
S18,2024-01-11,8,14.9,0.476
S18,2024-01-12,21,20.8,0.76
S18,2024-01-13,13,18.0,0.528
S18,2024-01-14,18,24.4,0.753
S18,2024-01-15,15,24.5,0.709
S18,2024-01-16,11,18.8,0.603
S18,2024-01-17,11,23.7,0.623
S18,2024-01-18,10,10.7,0.4
S18,2024-01-19,6,25.7,0.484
S18,2024-01-20,12,33.9,0.664
S18,2024-01-21,9,11.6,0.402
S18,2024-01-22,12,30.2,0.748
S18,2024-01-23,13,24.2,0.613
S18,2024-01-24,9,27.1,0.61
S18,2024-01-25,6,19.8,0.528
S18,2024-01-26,30,11.6,0.607
S18,2024-01-27,18,18.5,0.735
S18,2024-01-28,2,19.6,0.287
S18,2024-01-29,12,20.9,0.644
S18,2024-01-30,23,20.6,0.748
S18,2024-01-31,17,15.8,0.706
S18,2024-02-01,13,16.0,0.604
S18,2024-02-02,10,17.5,0.547
S18,2024-02-03,11,26.3,0.575
S18,2024-02-04,12,23.1,0.713
S18,2024-02-05,15,16.8,0.726
S18,2024-02-06,2,21.6,0.302
S18,2024-02-07,20,7.6,0.702
S18,2024-02-08,18,15.4,0.671
S18,2024-02-09,10,13.2,0.479
S18,2024-02-10,4,21.3,0.34
S18,2024-02-11,7,17.3,0.37
S18,2024-02-12,18,16.2,0.687
S18,2024-02-13,15,19.8,0.682
S18,2024-02-14,32,21.6,0.777
S18,2024-02-15,8,19.1,0.38
S18,2024-02-16,7,22.2,0.449
S18,2024-02-17,16,23.0,0.682
S18,2024-02-18,7,16.6,0.47
S18,2024-02-19,3,22.0,0.325
S18,2024-02-20,16,21.8,0.677
S18,2024-02-21,15,32.4,0.778
S18,2024-02-22,17,24.9,0.754
S18,2024-02-23,14,22.5,0.639
S18,2024-02-24,14,17.5,0.555
S18,2024-02-25,17,15.6,0.748
S18,2024-02-26,9,26.6,0.669
S18,2024-02-27,13,16.7,0.537
S18,2024-02-28,27,12.8,0.712
S18,2024-02-29,46,24.2,0.73
S19,2024-01-01,10,16.2,0.446
S19,2024-01-02,22,24.0,0.779
S19,2024-01-03,7,32.1,0.677
S19,2024-01-04,16,23.4,0.651
S19,2024-01-05,15,11.0,0.578
S19,2024-01-06,10,17.9,0.524
S19,2024-01-07,10,18.9,0.544
S19,2024-01-08,15,28.2,0.633
S19,2024-01-09,14,26.5,0.645
S19,2024-01-10,11,21.3,0.642
S19,2024-01-11,6,27.4,0.566
S19,2024-01-12,11,18.9,0.558
S19,2024-01-13,16,17.9,0.677
S19,2024-01-14,11,24.6,0.559
S19,2024-01-15,11,18.4,0.631
S19,2024-01-16,20,6.8,0.672
S19,2024-01-17,10,19.7,0.494
S19,2024-01-18,5,20.7,0.308
S19,2024-01-19,6,23.9,0.486
S19,2024-01-20,15,24.8,0.685
S19,2024-01-21,14,22.6,0.611
S19,2024-01-22,13,24.4,0.698
S19,2024-01-23,7,25.1,0.462
S19,2024-01-24,25,20.1,0.673
S19,2024-01-25,19,17.9,0.778
S19,2024-01-26,5,12.2,0.465
S19,2024-01-27,23,26.6,0.764
S19,2024-01-28,10,11.1,0.364
S19,2024-01-29,25,14.9,0.64
S19,2024-01-30,3,10.6,0.239
S19,2024-01-31,7,23.5,0.55
S19,2024-02-01,15,16.0,0.577
S19,2024-02-02,34,1.6,0.591
S19,2024-02-03,9,24.7,0.465
S19,2024-02-04,10,20.6,0.487
S19,2024-02-05,5,17.9,0.381
S19,2024-02-06,16,15.8,0.697
S19,2024-02-07,21,14.3,0.721
S19,2024-02-08,10,30.2,0.658
S19,2024-02-09,10,13.4,0.571
S19,2024-02-10,7,19.9,0.422
S19,2024-02-11,7,29.5,0.567
S19,2024-02-12,2,19.0,0.282
S19,2024-02-13,12,29.8,0.651
S19,2024-02-14,5,23.2,0.374
S19,2024-02-15,9,19.3,0.425
S19,2024-02-16,11,16.2,0.537
S19,2024-02-17,9,20.9,0.626
S19,2024-02-18,33,12.7,0.671
S19,2024-02-19,7,19.4,0.585
S19,2024-02-20,30,22.6,0.703
S19,2024-02-21,7,17.5,0.375
S19,2024-02-22,14,14.9,0.617
S19,2024-02-23,14,16.3,0.609
S19,2024-02-24,7,19.8,0.388
S19,2024-02-25,4,20.7,0.335
S19,2024-02-26,15,17.0,0.65
S19,2024-02-27,15,28.0,0.705
S19,2024-02-28,7,19.8,0.494
S19,2024-02-29,6,24.7,0.535
S20,2024-01-01,16,17.4,0.629
S20,2024-01-02,9,20.6,0.462
S20,2024-01-03,2,11.9,0.229
S20,2024-01-04,21,20.1,0.785
S20,2024-01-05,9,27.1,0.625
S20,2024-01-06,5,29.2,0.6
S20,2024-01-07,18,27.0,0.841
S20,2024-01-08,10,21.9,0.557
S20,2024-01-09,11,18.7,0.494
S20,2024-01-10,3,25.8,0.353
S20,2024-01-11,18,25.1,0.846
S20,2024-01-12,24,20.9,0.787
S20,2024-01-13,23,14.4,0.729
S20,2024-01-14,20,22.9,0.774
S20,2024-01-15,10,20.9,0.486
S20,2024-01-16,15,21.8,0.647
S20,2024-01-17,13,24.6,0.57
S20,2024-01-18,16,9.5,0.55
S20,2024-01-19,10,26.1,0.669
S20,2024-01-20,18,19.7,0.615
S20,2024-01-21,27,28.3,0.815
S20,2024-01-22,15,17.3,0.641
S20,2024-01-23,20,21.1,0.744
S20,2024-01-24,12,28.1,0.597
S20,2024-01-25,18,16.6,0.675
S20,2024-01-26,7,11.0,0.377
S20,2024-01-27,3,17.6,0.292
S20,2024-01-28,28,15.5,0.712
S20,2024-01-29,9,7.9,0.43
S20,2024-01-30,14,23.3,0.558
S20,2024-01-31,21,25.1,0.738
S20,2024-02-01,5,22.4,0.368
S20,2024-02-02,13,17.4,0.602
S20,2024-02-03,2,30.3,0.367
S20,2024-02-04,9,18.1,0.538
S20,2024-02-05,15,5.6,0.456
S20,2024-02-06,10,23.5,0.572
S20,2024-02-07,9,28.5,0.521
S20,2024-02-08,15,17.7,0.633
S20,2024-02-09,11,21.2,0.552
S20,2024-02-10,18,10.1,0.578
S20,2024-02-11,36,16.9,0.716
S20,2024-02-12,34,20.2,0.719
S20,2024-02-13,1,23.1,0.293
S20,2024-02-14,20,15.6,0.658
S20,2024-02-15,5,31.8,0.439
S20,2024-02-16,9,15.3,0.538
S20,2024-02-17,12,23.6,0.553
S20,2024-02-18,8,25.1,0.563
S20,2024-02-19,13,12.4,0.455
S20,2024-02-20,4,38.6,0.47
S20,2024-02-21,18,18.5,0.731
S20,2024-02-22,20,26.6,0.818
S20,2024-02-23,2,28.7,0.355
S20,2024-02-24,6,12.5,0.514
S20,2024-02-25,7,18.4,0.378
S20,2024-02-26,7,21.0,0.397
S20,2024-02-27,1,28.2,0.331
S20,2024-02-28,39,24.0,0.81
S20,2024-02-29,8,30.6,0.69
