customer_id,shop_id,amount,timestamp
C0239,S08,3795.0,2024-01-01 09:00:00
C0269,S08,1847.0,2024-01-01 09:00:00
C0209,S12,743.0,2024-01-01 09:00:00
C0263,S17,2001.0,2024-01-01 10:00:00
C0050,S18,3799.0,2024-01-01 10:00:00
C0312,S03,1447.0,2024-01-01 10:00:00
C0274,S05,1772.0,2024-01-01 11:00:00
C0298,S13,475.0,2024-01-01 11:00:00
C0187,S02,1400.0,2024-01-01 11:00:00
C0304,S10,4194.0,2024-01-01 11:00:00
C0153,S11,1279.0,2024-01-01 12:00:00
C0209,S14,870.0,2024-01-01 12:00:00
C0218,S03,782.0,2024-01-01 12:00:00
C0092,S15,555.0,2024-01-01 12:00:00
C0002,S20,2225.0,2024-01-01 12:00:00
C0228,S08,3269.0,2024-01-01 12:00:00
C0382,S19,2925.0,2024-01-01 12:00:00
C0204,S15,1131.0,2024-01-01 13:00:00
C0327,S11,746.0,2024-01-01 13:00:00
C0019,S06,5032.0,2024-01-01 13:00:00
C0079,S12,495.0,2024-01-01 13:00:00
C0351,S09,3393.0,2024-01-01 13:00:00
C0213,S19,186.0,2024-01-01 13:00:00
C0190,S16,3259.0,2024-01-01 13:00:00
C0005,S07,4595.0,2024-01-01 13:00:00
C0204,S12,902.0,2024-01-01 14:00:00
C0269,S08,4380.0,2024-01-01 14:00:00
C0017,S18,4080.0,2024-01-01 14:00:00
C0274,S04,1291.0,2024-01-01 15:00:00
C0336,S08,5634.0,2024-01-01 15:00:00
C0296,S07,2860.0,2024-01-01 15:00:00
C0294,S05,1182.0,2024-01-01 15:00:00
C0198,S14,663.0,2024-01-01 15:00:00
C0310,S10,2883.0,2024-01-01 16:00:00
C0132,S18,2416.0,2024-01-01 16:00:00
C0153,S01,1362.0,2024-01-01 16:00:00
C0337,S07,3391.0,2024-01-01 17:00:00
C0024,S11,785.0,2024-01-01 18:00:00
C0236,S18,2254.0,2024-01-01 18:00:00
C0040,S07,2544.0,2024-01-02 09:00:00
C0108,S05,1354.0,2024-01-02 09:00:00
C0339,S18,1842.0,2024-01-02 09:00:00
C0097,S05,1459.0,2024-01-02 09:00:00
C0220,S14,1085.0,2024-01-02 09:00:00
C0281,S11,534.0,2024-01-02 09:00:00
C0347,S17,2007.0,2024-01-02 10:00:00
C0363,S02,1523.0,2024-01-02 10:00:00
C0226,S11,582.0,2024-01-02 10:00:00
C0380,S03,944.0,2024-01-02 10:00:00
C0004,S16,2504.0,2024-01-02 11:00:00
C0316,S07,4931.0,2024-01-02 11:00:00
C0322,S05,1304.0,2024-01-02 12:00:00
C0171,S08,4990.0,2024-01-02 12:00:00
C0398,S02,1217.0,2024-01-02 12:00:00
C0365,S03,702.0,2024-01-02 12:00:00
C0303,S15,1189.0,2024-01-02 12:00:00
C0057,S11,565.0,2024-01-02 12:00:00
C0046,S06,4645.0,2024-01-02 12:00:00
C0295,S07,3773.0,2024-01-02 13:00:00
C0343,S20,1407.0,2024-01-02 13:00:00
C0163,S15,623.0,2024-01-02 13:00:00
C0367,S04,1127.0,2024-01-02 13:00:00
C0167,S16,1515.0,2024-01-02 13:00:00
C0268,S20,1769.0,2024-01-02 13:00:00
C0219,S16,1773.0,2024-01-02 14:00:00
C0205,S02,1771.0,2024-01-02 14:00:00
C0142,S19,1779.0,2024-01-02 14:00:00
C0341,S19,3151.0,2024-01-02 14:00:00
C0294,S05,1144.0,2024-01-02 14:00:00
C0161,S18,3376.0,2024-01-02 14:00:00
C0006,S02,984.0,2024-01-02 15:00:00
C0229,S17,3006.0,2024-01-02 15:00:00
C0221,S03,1426.0,2024-01-02 15:00:00
C0361,S12,477.0,2024-01-02 15:00:00
C0070,S19,1632.0,2024-01-02 16:00:00
C0122,S18,2934.0,2024-01-02 16:00:00
C0035,S14,941.0,2024-01-02 16:00:00
C0264,S14,671.0,2024-01-02 16:00:00
C0388,S19,3400.0,2024-01-02 16:00:00
C0147,S14,277.0,2024-01-02 17:00:00
C0279,S11,1472.0,2024-01-02 17:00:00
C0146,S13,1057.0,2024-01-02 17:00:00
C0398,S04,1803.0,2024-01-02 17:00:00
C0113,S14,523.0,2024-01-02 18:00:00
C0004,S07,2110.0,2024-01-03 09:00:00
C0043,S17,2874.0,2024-01-03 09:00:00
C0260,S03,1459.0,2024-01-03 09:00:00
C0036,S12,590.0,2024-01-03 09:00:00
C0359,S12,630.0,2024-01-03 10:00:00
C0399,S03,489.0,2024-01-03 10:00:00
C0316,S09,3020.0,2024-01-03 10:00:00
C0070,S08,4070.0,2024-01-03 10:00:00
C0352,S03,653.0,2024-01-03 11:00:00
C0054,S17,3271.0,2024-01-03 11:00:00
C0279,S13,1498.0,2024-01-03 11:00:00
C0103,S08,3015.0,2024-01-03 11:00:00
C0024,S13,589.0,2024-01-03 12:00:00
C0306,S10,3580.0,2024-01-03 12:00:00
C0125,S15,1128.0,2024-01-03 13:00:00
C0334,S07,2271.0,2024-01-03 13:00:00
C0330,S17,3415.0,2024-01-03 13:00:00
C0006,S01,602.0,2024-01-03 13:00:00
C0268,S17,3799.0,2024-01-03 13:00:00
C0034,S03,1623.0,2024-01-03 13:00:00
C0004,S16,2265.0,2024-01-03 13:00:00
C0318,S14,997.0,2024-01-03 13:00:00
C0246,S15,919.0,2024-01-03 13:00:00
C0014,S01,1715.0,2024-01-03 13:00:00
C0315,S04,1034.0,2024-01-03 13:00:00
C0217,S03,1268.0,2024-01-03 14:00:00
C0268,S03,735.0,2024-01-03 15:00:00
C0182,S06,1997.0,2024-01-03 15:00:00
C0141,S10,3146.0,2024-01-03 15:00:00
C0195,S06,3379.0,2024-01-03 16:00:00
C0336,S07,3594.0,2024-01-03 16:00:00
C0005,S05,1619.0,2024-01-03 18:00:00
C0286,S19,3705.0,2024-01-03 18:00:00
C0254,S06,972.0,2024-01-03 20:00:00
C0362,S03,1430.0,2024-01-03 20:00:00
C0400,S03,2173.0,2024-01-04 09:00:00
C0252,S06,4432.0,2024-01-04 09:00:00
C0190,S20,2415.0,2024-01-04 09:00:00
C0388,S20,3034.0,2024-01-04 09:00:00
C0138,S10,5712.0,2024-01-04 11:00:00
C0175,S09,3973.0,2024-01-04 11:00:00
C0131,S11,1136.0,2024-01-04 11:00:00
C0260,S01,1195.0,2024-01-04 11:00:00
C0361,S13,234.0,2024-01-04 11:00:00
C0314,S02,1325.0,2024-01-04 11:00:00
C0374,S08,3269.0,2024-01-04 11:00:00
C0114,S02,1101.0,2024-01-04 11:00:00
C0346,S19,3801.0,2024-01-04 12:00:00
C0063,S19,97.0,2024-01-04 12:00:00
C0386,S03,1613.0,2024-01-04 12:00:00
C0256,S16,2449.0,2024-01-04 12:00:00
C0236,S20,4045.0,2024-01-04 12:00:00
C0002,S17,3382.0,2024-01-04 13:00:00
C0006,S03,1134.0,2024-01-04 13:00:00
C0244,S15,255.0,2024-01-04 13:00:00
C0157,S07,2817.0,2024-01-04 13:00:00
C0323,S15,587.0,2024-01-04 14:00:00
C0149,S10,4112.0,2024-01-04 14:00:00
C0045,S02,1873.0,2024-01-04 14:00:00
C0325,S10,7044.0,2024-01-04 15:00:00
C0384,S02,1793.0,2024-01-04 15:00:00
C0027,S02,1975.0,2024-01-04 15:00:00
C0327,S14,879.0,2024-01-04 16:00:00
C0186,S10,2101.0,2024-01-04 17:00:00
C0305,S20,2233.0,2024-01-04 17:00:00
C0203,S01,985.0,2024-01-04 17:00:00
C0210,S02,1051.0,2024-01-04 17:00:00
C0154,S01,1401.0,2024-01-04 18:00:00
C0178,S12,1086.0,2024-01-04 19:00:00
C0259,S17,2213.0,2024-01-05 09:00:00
C0387,S15,601.0,2024-01-05 09:00:00
C0381,S03,673.0,2024-01-05 09:00:00
C0324,S12,628.0,2024-01-05 09:00:00
C0240,S19,3482.0,2024-01-05 09:00:00
C0178,S14,868.0,2024-01-05 09:00:00
C0157,S08,3540.0,2024-01-05 09:00:00
C0067,S02,1247.0,2024-01-05 09:00:00
C0216,S20,2506.0,2024-01-05 09:00:00
C0268,S03,1177.0,2024-01-05 11:00:00
C0230,S05,1354.0,2024-01-05 11:00:00
C0261,S17,2975.0,2024-01-05 11:00:00
C0143,S13,391.0,2024-01-05 12:00:00
C0046,S08,5587.0,2024-01-05 12:00:00
C0176,S15,261.0,2024-01-05 12:00:00
C0330,S18,2446.0,2024-01-05 12:00:00
C0319,S11,910.0,2024-01-05 13:00:00
C0344,S15,151.0,2024-01-05 13:00:00
C0097,S04,967.0,2024-01-05 13:00:00
C0067,S04,633.0,2024-01-05 13:00:00
C0217,S05,1547.0,2024-01-05 13:00:00
C0204,S12,620.0,2024-01-05 13:00:00
C0319,S11,880.0,2024-01-05 13:00:00
C0029,S04,1695.0,2024-01-05 13:00:00
C0156,S17,4095.0,2024-01-05 13:00:00
C0029,S18,1869.0,2024-01-05 13:00:00
C0019,S09,4119.0,2024-01-05 13:00:00
C0127,S20,3540.0,2024-01-05 14:00:00
C0188,S17,774.0,2024-01-05 14:00:00
C0301,S19,1495.0,2024-01-05 14:00:00
C0017,S01,910.0,2024-01-05 14:00:00
C0092,S15,1155.0,2024-01-05 15:00:00
C0247,S02,853.0,2024-01-05 15:00:00
C0084,S03,473.0,2024-01-05 16:00:00
C0007,S19,2349.0,2024-01-05 16:00:00
C0346,S16,3001.0,2024-01-05 17:00:00
C0265,S12,815.0,2024-01-05 18:00:00
C0253,S08,4731.0,2024-01-06 09:00:00
C0332,S16,1480.0,2024-01-06 09:00:00
C0040,S07,3739.0,2024-01-06 09:00:00
C0022,S13,977.0,2024-01-06 09:00:00
C0233,S18,2806.0,2024-01-06 09:00:00
C0101,S11,1167.0,2024-01-06 09:00:00
C0236,S20,3518.0,2024-01-06 09:00:00
C0142,S19,2988.0,2024-01-06 09:00:00
C0268,S03,1941.0,2024-01-06 10:00:00
C0202,S13,1099.0,2024-01-06 10:00:00
C0226,S12,1505.0,2024-01-06 10:00:00
C0339,S17,2269.0,2024-01-06 11:00:00
C0089,S11,1144.0,2024-01-06 11:00:00
C0105,S15,1029.0,2024-01-06 12:00:00
C0362,S14,625.0,2024-01-06 12:00:00
C0323,S11,449.0,2024-01-06 12:00:00
C0371,S14,555.0,2024-01-06 12:00:00
C0129,S16,2820.0,2024-01-06 12:00:00
C0258,S05,977.0,2024-01-06 12:00:00
C0258,S04,1670.0,2024-01-06 13:00:00
C0187,S04,1317.0,2024-01-06 13:00:00
C0301,S10,3230.0,2024-01-06 13:00:00
C0082,S03,1439.0,2024-01-06 13:00:00
C0398,S01,1099.0,2024-01-06 13:00:00
C0065,S19,1755.0,2024-01-06 13:00:00
C0249,S05,1753.0,2024-01-06 13:00:00
C0143,S13,678.0,2024-01-06 14:00:00
C0302,S14,1295.0,2024-01-06 14:00:00
C0122,S10,45.0,2024-01-06 14:00:00
C0330,S17,3562.0,2024-01-06 14:00:00
C0094,S14,870.0,2024-01-06 14:00:00
C0039,S17,2102.0,2024-01-06 15:00:00
C0044,S04,871.0,2024-01-06 15:00:00
C0255,S06,2197.0,2024-01-06 15:00:00
C0170,S18,1069.0,2024-01-06 16:00:00
C0100,S06,2782.0,2024-01-06 16:00:00
C0029,S16,2564.0,2024-01-06 16:00:00
C0203,S01,2194.0,2024-01-06 16:00:00
C0145,S07,4005.0,2024-01-06 17:00:00
C0270,S10,2774.0,2024-01-06 17:00:00
C0221,S02,1558.0,2024-01-07 09:00:00
C0331,S17,3795.0,2024-01-07 09:00:00
C0057,S07,5317.0,2024-01-07 09:00:00
C0122,S20,3678.0,2024-01-07 09:00:00
C0387,S12,1314.0,2024-01-07 09:00:00
C0215,S16,3294.0,2024-01-07 09:00:00
C0121,S11,423.0,2024-01-07 09:00:00
C0334,S06,3877.0,2024-01-07 09:00:00
C0259,S08,1385.0,2024-01-07 09:00:00
C0393,S13,953.0,2024-01-07 09:00:00
C0352,S01,537.0,2024-01-07 10:00:00
C0185,S07,3499.0,2024-01-07 10:00:00
C0223,S01,1373.0,2024-01-07 10:00:00
C0336,S10,2430.0,2024-01-07 11:00:00
C0396,S19,2764.0,2024-01-07 11:00:00
C0207,S08,2320.0,2024-01-07 12:00:00
C0316,S09,5428.0,2024-01-07 12:00:00
C0080,S14,1095.0,2024-01-07 12:00:00
C0188,S17,1138.0,2024-01-07 12:00:00
C0261,S20,3288.0,2024-01-07 13:00:00
C0178,S15,512.0,2024-01-07 13:00:00
C0300,S11,719.0,2024-01-07 14:00:00
C0025,S10,3201.0,2024-01-07 14:00:00
C0395,S12,302.0,2024-01-07 14:00:00
C0252,S07,3949.0,2024-01-07 14:00:00
C0334,S10,2316.0,2024-01-07 14:00:00
C0270,S09,2372.0,2024-01-07 14:00:00
C0159,S10,3231.0,2024-01-07 14:00:00
C0095,S09,1774.0,2024-01-07 15:00:00
C0225,S08,4761.0,2024-01-07 15:00:00
C0150,S06,4578.0,2024-01-07 16:00:00
C0070,S19,2296.0,2024-01-07 16:00:00
C0249,S05,1049.0,2024-01-07 16:00:00
C0253,S10,2172.0,2024-01-07 16:00:00
C0339,S16,3476.0,2024-01-07 17:00:00
C0326,S07,4123.0,2024-01-07 17:00:00
C0021,S07,4578.0,2024-01-07 17:00:00
C0287,S18,1535.0,2024-01-07 17:00:00
C0393,S11,906.0,2024-01-07 18:00:00
C0281,S12,447.0,2024-01-07 18:00:00
C0011,S03,524.0,2024-01-08 09:00:00
C0062,S16,3178.0,2024-01-08 09:00:00
C0265,S14,959.0,2024-01-08 09:00:00
C0218,S19,1363.0,2024-01-08 09:00:00
C0301,S18,4266.0,2024-01-08 09:00:00
C0199,S03,1196.0,2024-01-08 09:00:00
C0285,S07,7690.0,2024-01-08 09:00:00
C0341,S06,3488.0,2024-01-08 09:00:00
C0197,S06,1899.0,2024-01-08 09:00:00
C0246,S13,612.0,2024-01-08 09:00:00
C0020,S16,1722.0,2024-01-08 09:00:00
C0307,S12,559.0,2024-01-08 09:00:00
C0349,S09,3384.0,2024-01-08 09:00:00
C0071,S18,2029.0,2024-01-08 10:00:00
C0359,S09,5851.0,2024-01-08 10:00:00
C0043,S14,852.0,2024-01-08 10:00:00
C0098,S16,1636.0,2024-01-08 11:00:00
C0334,S06,2714.0,2024-01-08 11:00:00
C0132,S18,3192.0,2024-01-08 11:00:00
C0390,S11,902.0,2024-01-08 11:00:00
C0018,S20,1947.0,2024-01-08 11:00:00
C0246,S14,221.0,2024-01-08 12:00:00
C0102,S04,1537.0,2024-01-08 12:00:00
C0162,S15,1177.0,2024-01-08 12:00:00
C0119,S18,1518.0,2024-01-08 12:00:00
C0097,S08,2329.0,2024-01-08 13:00:00
C0064,S04,1444.0,2024-01-08 13:00:00
C0337,S07,2586.0,2024-01-08 13:00:00
C0012,S19,1673.0,2024-01-08 13:00:00
C0355,S17,3469.0,2024-01-08 13:00:00
C0077,S20,2871.0,2024-01-08 14:00:00
C0039,S17,3007.0,2024-01-08 14:00:00
C0186,S04,1286.0,2024-01-08 15:00:00
C0310,S08,1338.0,2024-01-08 15:00:00
C0394,S13,896.0,2024-01-08 15:00:00
C0006,S01,1513.0,2024-01-08 15:00:00
C0064,S01,923.0,2024-01-08 16:00:00
C0016,S13,773.0,2024-01-08 16:00:00
C0024,S13,1020.0,2024-01-08 16:00:00
C0213,S16,2903.0,2024-01-08 16:00:00
C0199,S01,680.0,2024-01-08 18:00:00
C0245,S19,1506.0,2024-01-08 20:00:00
C0279,S14,620.0,2024-01-09 09:00:00
C0165,S03,778.0,2024-01-09 09:00:00
C0234,S10,4128.0,2024-01-09 09:00:00
C0161,S20,2.0,2024-01-09 09:00:00
C0234,S06,4061.0,2024-01-09 09:00:00
C0346,S17,1716.0,2024-01-09 09:00:00
C0354,S18,2717.0,2024-01-09 09:00:00
C0345,S19,2567.0,2024-01-09 09:00:00
C0050,S16,1998.0,2024-01-09 09:00:00
C0130,S15,509.0,2024-01-09 09:00:00
C0196,S15,545.0,2024-01-09 09:00:00
C0336,S10,4903.0,2024-01-09 09:00:00
C0207,S10,3960.0,2024-01-09 09:00:00
C0305,S18,3205.0,2024-01-09 10:00:00
C0291,S15,1156.0,2024-01-09 10:00:00
C0121,S17,1472.0,2024-01-09 10:00:00
C0017,S01,2368.0,2024-01-09 10:00:00
C0332,S18,4165.0,2024-01-09 10:00:00
C0230,S05,1991.0,2024-01-09 10:00:00
C0024,S12,878.0,2024-01-09 11:00:00
C0393,S14,873.0,2024-01-09 11:00:00
C0003,S13,907.0,2024-01-09 11:00:00
C0001,S15,707.0,2024-01-09 11:00:00
C0327,S13,657.0,2024-01-09 12:00:00
C0067,S04,1415.0,2024-01-09 12:00:00
C0170,S18,1342.0,2024-01-09 12:00:00
C0309,S05,612.0,2024-01-09 12:00:00
C0355,S07,5175.0,2024-01-09 12:00:00
C0355,S17,2399.0,2024-01-09 13:00:00
C0358,S06,3120.0,2024-01-09 13:00:00
C0341,S09,1387.0,2024-01-09 13:00:00
C0119,S19,1596.0,2024-01-09 13:00:00
C0380,S14,852.0,2024-01-09 14:00:00
C0011,S04,1852.0,2024-01-09 14:00:00
C0395,S15,463.0,2024-01-09 14:00:00
C0252,S08,3684.0,2024-01-09 14:00:00
C0398,S02,1065.0,2024-01-09 14:00:00
C0087,S11,780.0,2024-01-09 14:00:00
C0349,S06,5569.0,2024-01-09 15:00:00
C0148,S09,3168.0,2024-01-09 15:00:00
C0134,S07,7538.0,2024-01-09 15:00:00
C0175,S07,1839.0,2024-01-09 15:00:00
C0366,S06,6081.0,2024-01-09 15:00:00
C0013,S16,1923.0,2024-01-09 15:00:00
C0332,S18,2250.0,2024-01-09 15:00:00
C0092,S14,842.0,2024-01-09 16:00:00
C0272,S20,3352.0,2024-01-09 16:00:00
C0202,S14,980.0,2024-01-09 17:00:00
C0263,S16,1512.0,2024-01-09 17:00:00
C0358,S09,2149.0,2024-01-09 18:00:00
C0253,S09,3411.0,2024-01-09 20:00:00
C0304,S07,1515.0,2024-01-10 09:00:00
C0254,S09,1096.0,2024-01-10 09:00:00
C0266,S10,3090.0,2024-01-10 09:00:00
C0363,S02,840.0,2024-01-10 09:00:00
C0306,S08,3099.0,2024-01-10 09:00:00
C0077,S16,1561.0,2024-01-10 09:00:00
C0124,S08,4538.0,2024-01-10 09:00:00
C0053,S15,1204.0,2024-01-10 09:00:00
C0327,S13,819.0,2024-01-10 10:00:00
C0152,S17,3482.0,2024-01-10 10:00:00
C0232,S14,916.0,2024-01-10 10:00:00
C0048,S05,1478.0,2024-01-10 10:00:00
C0314,S05,417.0,2024-01-10 11:00:00
C0193,S03,1459.0,2024-01-10 11:00:00
C0041,S04,1446.0,2024-01-10 11:00:00
C0029,S17,3139.0,2024-01-10 11:00:00
C0138,S07,1594.0,2024-01-10 12:00:00
C0257,S10,3407.0,2024-01-10 12:00:00
C0230,S04,558.0,2024-01-10 12:00:00
C0014,S11,646.0,2024-01-10 13:00:00
C0339,S18,2470.0,2024-01-10 13:00:00
C0173,S11,1127.0,2024-01-10 13:00:00
C0055,S05,1359.0,2024-01-10 13:00:00
C0368,S16,646.0,2024-01-10 13:00:00
C0256,S19,3990.0,2024-01-10 13:00:00
C0121,S17,791.0,2024-01-10 13:00:00
C0139,S01,1303.0,2024-01-10 13:00:00
C0021,S06,3554.0,2024-01-10 13:00:00
C0323,S14,649.0,2024-01-10 14:00:00
C0384,S02,1159.0,2024-01-10 14:00:00
C0375,S05,430.0,2024-01-10 15:00:00
C0270,S10,4763.0,2024-01-10 15:00:00
C0065,S16,766.0,2024-01-10 16:00:00
C0150,S03,1625.0,2024-01-10 17:00:00
C0298,S13,1130.0,2024-01-10 18:00:00
C0297,S12,1042.0,2024-01-10 18:00:00
C0086,S03,932.0,2024-01-10 18:00:00
C0263,S19,2554.0,2024-01-10 19:00:00
C0244,S12,1057.0,2024-01-10 20:00:00
C0194,S08,451.0,2024-01-11 09:00:00
C0088,S11,1208.0,2024-01-11 09:00:00
C0068,S09,4547.0,2024-01-11 09:00:00
C0167,S07,6064.0,2024-01-11 09:00:00
C0162,S11,154.0,2024-01-11 10:00:00
C0051,S02,1297.0,2024-01-11 10:00:00
C0077,S14,398.0,2024-01-11 10:00:00
C0357,S13,1025.0,2024-01-11 10:00:00
C0031,S20,3627.0,2024-01-11 11:00:00
C0140,S12,303.0,2024-01-11 11:00:00
C0072,S17,962.0,2024-01-11 11:00:00
C0399,S03,2024.0,2024-01-11 11:00:00
C0193,S01,1892.0,2024-01-11 12:00:00
C0017,S05,1429.0,2024-01-11 12:00:00
C0164,S07,5286.0,2024-01-11 12:00:00
C0042,S06,2752.0,2024-01-11 13:00:00
C0111,S08,2999.0,2024-01-11 14:00:00
C0143,S11,863.0,2024-01-11 14:00:00
C0388,S18,2555.0,2024-01-11 14:00:00
C0175,S08,3468.0,2024-01-11 14:00:00
C0306,S10,3742.0,2024-01-11 15:00:00
C0315,S05,1251.0,2024-01-11 15:00:00
C0161,S19,3011.0,2024-01-11 15:00:00
C0184,S06,5441.0,2024-01-11 15:00:00
C0032,S20,3811.0,2024-01-11 16:00:00
C0264,S13,997.0,2024-01-11 16:00:00
C0059,S12,1287.0,2024-01-11 16:00:00
C0115,S06,3914.0,2024-01-11 17:00:00
C0342,S05,1355.0,2024-01-12 09:00:00
C0184,S06,4828.0,2024-01-12 09:00:00
C0367,S01,2545.0,2024-01-12 09:00:00
C0354,S17,2593.0,2024-01-12 09:00:00
C0206,S18,2864.0,2024-01-12 09:00:00
C0112,S14,701.0,2024-01-12 09:00:00
C0074,S03,1186.0,2024-01-12 09:00:00
C0106,S11,840.0,2024-01-12 09:00:00
C0157,S20,2411.0,2024-01-12 09:00:00
C0072,S17,2472.0,2024-01-12 09:00:00
C0149,S19,1601.0,2024-01-12 09:00:00
C0012,S18,2265.0,2024-01-12 10:00:00
C0195,S10,2164.0,2024-01-12 10:00:00
C0368,S20,3457.0,2024-01-12 10:00:00
C0172,S08,3773.0,2024-01-12 10:00:00
C0329,S17,1888.0,2024-01-12 10:00:00
C0234,S09,4427.0,2024-01-12 10:00:00
C0154,S05,1484.0,2024-01-12 10:00:00
C0367,S02,136.0,2024-01-12 11:00:00
C0014,S02,2419.0,2024-01-12 11:00:00
C0031,S20,2877.0,2024-01-12 11:00:00
C0141,S11,1141.0,2024-01-12 11:00:00
C0176,S09,2080.0,2024-01-12 11:00:00
C0227,S03,888.0,2024-01-12 12:00:00
C0322,S05,1166.0,2024-01-12 12:00:00
C0364,S12,885.0,2024-01-12 12:00:00
C0336,S10,5184.0,2024-01-12 12:00:00
C0196,S15,1064.0,2024-01-12 13:00:00
C0089,S14,269.0,2024-01-12 13:00:00
C0184,S06,4890.0,2024-01-12 14:00:00
C0339,S18,2352.0,2024-01-12 14:00:00
C0115,S07,2486.0,2024-01-12 14:00:00
C0090,S11,994.0,2024-01-12 14:00:00
C0363,S02,982.0,2024-01-12 15:00:00
C0161,S07,3277.0,2024-01-12 15:00:00
C0112,S12,171.0,2024-01-12 15:00:00
C0275,S15,1098.0,2024-01-12 15:00:00
C0158,S17,3597.0,2024-01-12 15:00:00
C0320,S20,3254.0,2024-01-12 16:00:00
C0099,S16,2438.0,2024-01-12 16:00:00
C0143,S12,842.0,2024-01-12 16:00:00
C0037,S20,2410.0,2024-01-12 16:00:00
C0101,S13,644.0,2024-01-12 16:00:00
C0100,S18,2694.0,2024-01-12 16:00:00
C0010,S05,989.0,2024-01-12 17:00:00
C0343,S19,3302.0,2024-01-12 17:00:00
C0175,S08,4790.0,2024-01-12 18:00:00
C0094,S12,730.0,2024-01-12 18:00:00
C0213,S16,1979.0,2024-01-13 09:00:00
C0158,S16,1584.0,2024-01-13 09:00:00
C0276,S04,790.0,2024-01-13 09:00:00
C0071,S17,3136.0,2024-01-13 09:00:00
C0071,S20,3703.0,2024-01-13 09:00:00
C0013,S05,2079.0,2024-01-13 09:00:00
C0366,S07,4518.0,2024-01-13 09:00:00
C0081,S10,2551.0,2024-01-13 09:00:00
C0326,S10,1722.0,2024-01-13 10:00:00
C0100,S19,1624.0,2024-01-13 10:00:00
C0194,S16,3728.0,2024-01-13 10:00:00
C0244,S14,948.0,2024-01-13 11:00:00
C0275,S15,533.0,2024-01-13 11:00:00
C0392,S20,3458.0,2024-01-13 12:00:00
C0027,S03,883.0,2024-01-13 12:00:00
C0198,S11,594.0,2024-01-13 12:00:00
C0220,S15,993.0,2024-01-13 13:00:00
C0305,S18,412.0,2024-01-13 13:00:00
C0167,S08,3027.0,2024-01-13 13:00:00
C0013,S01,967.0,2024-01-13 13:00:00
C0239,S19,2567.0,2024-01-13 13:00:00
C0266,S08,4746.0,2024-01-13 13:00:00
C0026,S10,3259.0,2024-01-13 14:00:00
C0255,S06,4068.0,2024-01-13 14:00:00
C0256,S18,2901.0,2024-01-13 14:00:00
C0280,S17,2442.0,2024-01-13 15:00:00
C0026,S06,3896.0,2024-01-13 15:00:00
C0070,S20,3254.0,2024-01-13 15:00:00
C0261,S16,2016.0,2024-01-13 15:00:00
C0096,S20,1902.0,2024-01-13 16:00:00
C0180,S13,1257.0,2024-01-13 16:00:00
C0362,S13,685.0,2024-01-13 16:00:00
C0100,S19,4161.0,2024-01-13 17:00:00
C0052,S09,2806.0,2024-01-13 17:00:00
C0119,S20,1485.0,2024-01-13 19:00:00
C0251,S05,2204.0,2024-01-14 09:00:00
C0280,S17,2202.0,2024-01-14 09:00:00
C0077,S07,5647.0,2024-01-14 09:00:00
C0071,S18,2713.0,2024-01-14 09:00:00
C0274,S05,1098.0,2024-01-14 09:00:00
C0292,S07,3250.0,2024-01-14 09:00:00
C0221,S01,965.0,2024-01-14 09:00:00
C0365,S02,872.0,2024-01-14 09:00:00
C0189,S07,2607.0,2024-01-14 09:00:00
C0055,S04,757.0,2024-01-14 10:00:00
C0118,S13,1234.0,2024-01-14 10:00:00
C0129,S18,2613.0,2024-01-14 10:00:00
C0012,S16,4026.0,2024-01-14 10:00:00
C0321,S20,2087.0,2024-01-14 10:00:00
C0376,S20,2798.0,2024-01-14 10:00:00
C0061,S09,3105.0,2024-01-14 11:00:00
C0331,S18,2769.0,2024-01-14 11:00:00
C0246,S11,1139.0,2024-01-14 11:00:00
C0392,S17,4613.0,2024-01-14 11:00:00
C0136,S07,4698.0,2024-01-14 11:00:00
C0028,S04,1740.0,2024-01-14 12:00:00
C0240,S19,3501.0,2024-01-14 12:00:00
C0250,S09,2965.0,2024-01-14 12:00:00
C0178,S14,610.0,2024-01-14 12:00:00
C0355,S20,2768.0,2024-01-14 12:00:00
C0037,S17,1812.0,2024-01-14 13:00:00
C0133,S19,367.0,2024-01-14 13:00:00
C0139,S01,1304.0,2024-01-14 14:00:00
C0256,S18,2385.0,2024-01-14 14:00:00
C0360,S16,2553.0,2024-01-14 14:00:00
C0111,S07,5054.0,2024-01-14 15:00:00
C0008,S10,4340.0,2024-01-14 15:00:00
C0213,S17,3386.0,2024-01-14 15:00:00
C0116,S06,2913.0,2024-01-14 16:00:00
C0369,S12,734.0,2024-01-14 17:00:00
C0236,S20,2437.0,2024-01-14 17:00:00
C0294,S04,798.0,2024-01-15 09:00:00
C0307,S12,970.0,2024-01-15 09:00:00
C0105,S09,3166.0,2024-01-15 09:00:00
C0299,S04,1846.0,2024-01-15 09:00:00
C0349,S07,3693.0,2024-01-15 09:00:00
C0253,S06,5168.0,2024-01-15 09:00:00
C0198,S15,687.0,2024-01-15 09:00:00
C0258,S05,852.0,2024-01-15 09:00:00
C0203,S03,1036.0,2024-01-15 10:00:00
C0205,S02,1616.0,2024-01-15 10:00:00
C0152,S19,3431.0,2024-01-15 11:00:00
C0107,S05,1754.0,2024-01-15 11:00:00
C0133,S18,3022.0,2024-01-15 11:00:00
C0182,S06,1623.0,2024-01-15 11:00:00
C0330,S18,3240.0,2024-01-15 11:00:00
C0136,S11,892.0,2024-01-15 11:00:00
C0274,S03,1367.0,2024-01-15 11:00:00
C0390,S15,764.0,2024-01-15 12:00:00
C0057,S10,1312.0,2024-01-15 12:00:00
C0100,S19,3387.0,2024-01-15 13:00:00
C0373,S06,2028.0,2024-01-15 13:00:00
C0333,S13,994.0,2024-01-15 14:00:00
C0173,S12,395.0,2024-01-15 14:00:00
C0077,S12,753.0,2024-01-15 14:00:00
C0321,S06,366.0,2024-01-15 15:00:00
C0331,S04,868.0,2024-01-15 15:00:00
C0242,S15,943.0,2024-01-15 15:00:00
C0313,S09,4091.0,2024-01-15 16:00:00
C0162,S11,1058.0,2024-01-15 16:00:00
C0054,S18,2196.0,2024-01-15 16:00:00
C0196,S14,922.0,2024-01-15 17:00:00
C0284,S02,1062.0,2024-01-15 17:00:00
C0241,S20,1616.0,2024-01-15 18:00:00
C0268,S02,1605.0,2024-01-15 20:00:00
C0327,S14,479.0,2024-01-16 09:00:00
C0276,S04,1748.0,2024-01-16 09:00:00
C0032,S19,2654.0,2024-01-16 09:00:00
C0044,S05,1212.0,2024-01-16 09:00:00
C0241,S19,2281.0,2024-01-16 09:00:00
C0207,S09,3736.0,2024-01-16 09:00:00
C0330,S17,2406.0,2024-01-16 10:00:00
C0162,S05,1231.0,2024-01-16 10:00:00
C0237,S18,3889.0,2024-01-16 10:00:00
C0131,S11,789.0,2024-01-16 10:00:00
C0308,S19,3335.0,2024-01-16 11:00:00
C0340,S20,1105.0,2024-01-16 11:00:00
C0276,S18,2173.0,2024-01-16 11:00:00
C0001,S14,748.0,2024-01-16 12:00:00
C0345,S20,2750.0,2024-01-16 12:00:00
C0180,S14,1130.0,2024-01-16 12:00:00
C0059,S14,584.0,2024-01-16 12:00:00
C0108,S04,946.0,2024-01-16 12:00:00
C0084,S03,1329.0,2024-01-16 12:00:00
C0298,S06,6524.0,2024-01-16 13:00:00
C0162,S13,645.0,2024-01-16 13:00:00
C0295,S06,2102.0,2024-01-16 13:00:00
C0100,S17,2309.0,2024-01-16 14:00:00
C0238,S11,703.0,2024-01-16 14:00:00
C0276,S20,3041.0,2024-01-16 14:00:00
C0299,S04,1300.0,2024-01-16 15:00:00
C0053,S15,482.0,2024-01-16 15:00:00
C0215,S03,613.0,2024-01-16 15:00:00
C0279,S15,1058.0,2024-01-16 16:00:00
C0266,S09,2207.0,2024-01-16 16:00:00
C0021,S08,2090.0,2024-01-16 17:00:00
C0384,S04,585.0,2024-01-16 17:00:00
C0400,S02,1335.0,2024-01-16 18:00:00
C0076,S14,1052.0,2024-01-16 18:00:00
C0056,S16,3052.0,2024-01-17 09:00:00
C0083,S11,676.0,2024-01-17 09:00:00
C0215,S18,2280.0,2024-01-17 09:00:00
C0044,S04,960.0,2024-01-17 09:00:00
C0107,S03,1524.0,2024-01-17 09:00:00
C0118,S14,892.0,2024-01-17 10:00:00
C0094,S14,1282.0,2024-01-17 10:00:00
C0263,S19,258.0,2024-01-17 10:00:00
C0186,S08,2725.0,2024-01-17 10:00:00
C0068,S10,4985.0,2024-01-17 10:00:00
C0264,S12,540.0,2024-01-17 10:00:00
C0100,S20,1716.0,2024-01-17 10:00:00
C0379,S03,770.0,2024-01-17 10:00:00
C0205,S05,1302.0,2024-01-17 11:00:00
C0278,S10,2797.0,2024-01-17 11:00:00
C0325,S09,1963.0,2024-01-17 11:00:00
C0151,S07,3308.0,2024-01-17 11:00:00
C0165,S03,2301.0,2024-01-17 11:00:00
C0053,S14,1619.0,2024-01-17 11:00:00
C0171,S10,4330.0,2024-01-17 11:00:00
C0277,S14,984.0,2024-01-17 12:00:00
C0208,S16,1652.0,2024-01-17 12:00:00
C0200,S16,2313.0,2024-01-17 12:00:00
C0313,S08,3440.0,2024-01-17 12:00:00
C0024,S11,999.0,2024-01-17 12:00:00
C0139,S04,535.0,2024-01-17 12:00:00
C0353,S14,801.0,2024-01-17 13:00:00
C0033,S06,2223.0,2024-01-17 13:00:00
C0207,S06,2351.0,2024-01-17 13:00:00
C0186,S09,2875.0,2024-01-17 13:00:00
C0226,S15,1049.0,2024-01-17 13:00:00
C0006,S03,294.0,2024-01-17 14:00:00
C0164,S08,3105.0,2024-01-17 14:00:00
C0399,S03,1287.0,2024-01-17 14:00:00
C0367,S01,973.0,2024-01-17 14:00:00
C0207,S07,4474.0,2024-01-17 14:00:00
C0082,S01,479.0,2024-01-17 14:00:00
C0239,S20,1420.0,2024-01-17 14:00:00
C0140,S11,661.0,2024-01-17 14:00:00
C0208,S12,1367.0,2024-01-17 15:00:00
C0229,S18,3346.0,2024-01-17 15:00:00
C0316,S06,3047.0,2024-01-17 16:00:00
C0372,S15,638.0,2024-01-17 16:00:00
C0056,S16,216.0,2024-01-17 16:00:00
C0363,S01,1653.0,2024-01-17 16:00:00
C0070,S17,2163.0,2024-01-17 16:00:00
C0242,S11,773.0,2024-01-17 16:00:00
C0121,S19,3408.0,2024-01-17 17:00:00
C0295,S06,5248.0,2024-01-17 18:00:00
C0253,S10,2639.0,2024-01-17 19:00:00
C0221,S03,2096.0,2024-01-17 19:00:00
C0279,S14,1026.0,2024-01-17 20:00:00
C0323,S13,1262.0,2024-01-17 20:00:00
C0279,S11,1143.0,2024-01-18 09:00:00
C0049,S04,986.0,2024-01-18 09:00:00
C0042,S10,822.0,2024-01-18 09:00:00
C0146,S13,109.0,2024-01-18 09:00:00
C0024,S11,781.0,2024-01-18 09:00:00
C0345,S20,1753.0,2024-01-18 09:00:00
C0033,S05,1977.0,2024-01-18 10:00:00
C0063,S16,292.0,2024-01-18 11:00:00
C0367,S07,3822.0,2024-01-18 11:00:00
C0346,S17,4302.0,2024-01-18 11:00:00
C0178,S13,657.0,2024-01-18 11:00:00
C0198,S14,1006.0,2024-01-18 11:00:00
C0127,S13,1064.0,2024-01-18 11:00:00
C0138,S08,2725.0,2024-01-18 11:00:00
C0357,S09,1352.0,2024-01-18 11:00:00
C0166,S07,2450.0,2024-01-18 12:00:00
C0197,S06,4441.0,2024-01-18 12:00:00
C0219,S20,2648.0,2024-01-18 12:00:00
C0324,S11,665.0,2024-01-18 12:00:00
C0083,S14,697.0,2024-01-18 13:00:00
C0255,S09,2296.0,2024-01-18 13:00:00
C0153,S05,1139.0,2024-01-18 13:00:00
C0109,S02,426.0,2024-01-18 13:00:00
C0140,S15,749.0,2024-01-18 13:00:00
C0114,S02,1021.0,2024-01-18 13:00:00
C0170,S20,1554.0,2024-01-18 13:00:00
C0249,S04,548.0,2024-01-18 13:00:00
C0216,S16,2899.0,2024-01-18 13:00:00
C0342,S04,1557.0,2024-01-18 14:00:00
C0107,S02,1099.0,2024-01-18 14:00:00
C0212,S09,1650.0,2024-01-18 14:00:00
C0091,S19,661.0,2024-01-18 14:00:00
C0316,S06,3013.0,2024-01-18 15:00:00
C0349,S07,4629.0,2024-01-18 15:00:00
C0260,S03,1918.0,2024-01-18 15:00:00
C0235,S03,1376.0,2024-01-18 15:00:00
C0020,S18,1499.0,2024-01-18 16:00:00
C0182,S10,2777.0,2024-01-18 16:00:00
C0358,S09,4124.0,2024-01-18 16:00:00
C0221,S12,958.0,2024-01-18 17:00:00
C0294,S04,1803.0,2024-01-18 18:00:00
C0214,S03,732.0,2024-01-18 18:00:00
C0217,S03,1487.0,2024-01-18 20:00:00
C0140,S14,821.0,2024-01-18 20:00:00
C0021,S10,5971.0,2024-01-19 09:00:00
C0154,S01,1851.0,2024-01-19 09:00:00
C0398,S02,1677.0,2024-01-19 09:00:00
C0393,S11,884.0,2024-01-19 09:00:00
C0120,S08,4669.0,2024-01-19 09:00:00
C0258,S01,733.0,2024-01-19 09:00:00
C0313,S07,4812.0,2024-01-19 09:00:00
C0069,S03,1214.0,2024-01-19 10:00:00
C0010,S04,1193.0,2024-01-19 10:00:00
C0041,S02,2230.0,2024-01-19 10:00:00
C0084,S03,1066.0,2024-01-19 10:00:00
C0005,S03,1070.0,2024-01-19 10:00:00
C0361,S15,728.0,2024-01-19 10:00:00
C0078,S17,1927.0,2024-01-19 11:00:00
C0194,S06,4441.0,2024-01-19 11:00:00
C0333,S05,2164.0,2024-01-19 11:00:00
C0092,S15,1189.0,2024-01-19 11:00:00
C0114,S14,469.0,2024-01-19 11:00:00
C0289,S06,1478.0,2024-01-19 12:00:00
C0070,S18,2144.0,2024-01-19 12:00:00
C0398,S01,1685.0,2024-01-19 12:00:00
C0073,S10,4558.0,2024-01-19 12:00:00
C0278,S14,992.0,2024-01-19 12:00:00
C0372,S14,671.0,2024-01-19 12:00:00
C0131,S11,946.0,2024-01-19 12:00:00
C0303,S20,3419.0,2024-01-19 13:00:00
C0244,S12,1384.0,2024-01-19 13:00:00
C0066,S19,2339.0,2024-01-19 13:00:00
C0154,S04,334.0,2024-01-19 13:00:00
C0383,S02,1998.0,2024-01-19 14:00:00
C0285,S17,1956.0,2024-01-19 14:00:00
C0295,S09,5936.0,2024-01-19 14:00:00
C0195,S10,4872.0,2024-01-19 14:00:00
C0390,S11,1110.0,2024-01-19 14:00:00
C0235,S03,1514.0,2024-01-19 15:00:00
C0061,S11,958.0,2024-01-19 15:00:00
C0395,S13,1179.0,2024-01-19 15:00:00
C0257,S08,2558.0,2024-01-19 15:00:00
C0131,S15,815.0,2024-01-19 15:00:00
C0173,S06,2589.0,2024-01-19 15:00:00
C0178,S14,1214.0,2024-01-19 17:00:00
C0257,S08,3846.0,2024-01-19 20:00:00
C0229,S16,4401.0,2024-01-20 09:00:00
C0238,S13,611.0,2024-01-20 09:00:00
C0036,S11,902.0,2024-01-20 09:00:00
C0239,S08,2889.0,2024-01-20 09:00:00
C0095,S10,752.0,2024-01-20 09:00:00
C0009,S03,1815.0,2024-01-20 09:00:00
C0071,S19,3282.0,2024-01-20 09:00:00
C0080,S12,796.0,2024-01-20 09:00:00
C0021,S09,5957.0,2024-01-20 09:00:00
C0285,S19,917.0,2024-01-20 10:00:00
C0020,S01,1121.0,2024-01-20 10:00:00
C0346,S16,1539.0,2024-01-20 10:00:00
C0282,S05,1243.0,2024-01-20 10:00:00
C0138,S06,3975.0,2024-01-20 10:00:00
C0142,S20,88.0,2024-01-20 10:00:00
C0174,S03,1755.0,2024-01-20 10:00:00
C0162,S14,401.0,2024-01-20 11:00:00
C0373,S11,327.0,2024-01-20 11:00:00
C0276,S12,1245.0,2024-01-20 12:00:00
C0272,S20,766.0,2024-01-20 12:00:00
C0097,S12,394.0,2024-01-20 12:00:00
C0174,S03,1287.0,2024-01-20 12:00:00
C0345,S19,3253.0,2024-01-20 13:00:00
C0297,S13,603.0,2024-01-20 13:00:00
C0343,S17,2895.0,2024-01-20 13:00:00
C0181,S06,4534.0,2024-01-20 13:00:00
C0097,S12,1029.0,2024-01-20 13:00:00
C0182,S08,2906.0,2024-01-20 13:00:00
C0394,S13,902.0,2024-01-20 13:00:00
C0136,S08,4612.0,2024-01-20 14:00:00
C0059,S11,648.0,2024-01-20 14:00:00
C0280,S20,3168.0,2024-01-20 15:00:00
C0153,S14,838.0,2024-01-20 15:00:00
C0081,S20,1351.0,2024-01-20 15:00:00
C0033,S09,2575.0,2024-01-20 16:00:00
C0324,S11,1123.0,2024-01-20 16:00:00
C0382,S17,3256.0,2024-01-20 16:00:00
C0375,S03,1958.0,2024-01-20 16:00:00
C0021,S10,2790.0,2024-01-20 16:00:00
C0056,S18,2123.0,2024-01-20 16:00:00
C0253,S09,3548.0,2024-01-20 17:00:00
C0352,S05,766.0,2024-01-20 17:00:00
C0057,S10,3885.0,2024-01-20 17:00:00
C0034,S03,1763.0,2024-01-20 19:00:00
C0040,S09,3367.0,2024-01-21 09:00:00
C0252,S06,3691.0,2024-01-21 09:00:00
C0393,S13,1010.0,2024-01-21 10:00:00
C0055,S04,772.0,2024-01-21 10:00:00
C0062,S17,2536.0,2024-01-21 10:00:00
C0347,S20,1996.0,2024-01-21 11:00:00
C0179,S10,3150.0,2024-01-21 11:00:00
C0106,S12,666.0,2024-01-21 11:00:00
C0144,S17,2795.0,2024-01-21 11:00:00
C0286,S18,1689.0,2024-01-21 11:00:00
C0284,S06,1780.0,2024-01-21 11:00:00
C0355,S17,3066.0,2024-01-21 11:00:00
C0334,S07,1490.0,2024-01-21 12:00:00
C0051,S02,688.0,2024-01-21 12:00:00
C0176,S06,6440.0,2024-01-21 12:00:00
C0165,S02,605.0,2024-01-21 12:00:00
C0345,S19,1122.0,2024-01-21 13:00:00
C0038,S12,592.0,2024-01-21 13:00:00
C0303,S12,978.0,2024-01-21 13:00:00
C0260,S01,916.0,2024-01-21 13:00:00
C0049,S02,849.0,2024-01-21 13:00:00
C0230,S05,809.0,2024-01-21 13:00:00
C0306,S14,704.0,2024-01-21 14:00:00
C0188,S17,2789.0,2024-01-21 14:00:00
C0048,S05,1717.0,2024-01-21 14:00:00
C0094,S13,899.0,2024-01-21 15:00:00
C0285,S19,987.0,2024-01-21 15:00:00
C0101,S15,836.0,2024-01-21 15:00:00
C0142,S17,1313.0,2024-01-21 15:00:00
C0095,S10,3998.0,2024-01-21 15:00:00
C0183,S04,1870.0,2024-01-21 15:00:00
C0014,S05,1452.0,2024-01-21 16:00:00
C0208,S11,439.0,2024-01-21 16:00:00
C0220,S15,1507.0,2024-01-21 16:00:00
C0240,S19,3929.0,2024-01-21 16:00:00
C0282,S05,1208.0,2024-01-21 16:00:00
C0001,S09,5654.0,2024-01-21 17:00:00
C0202,S20,3082.0,2024-01-21 17:00:00
C0190,S17,2078.0,2024-01-21 17:00:00
C0080,S13,833.0,2024-01-21 17:00:00
C0218,S05,1262.0,2024-01-21 18:00:00
C0365,S17,3401.0,2024-01-21 18:00:00
C0128,S16,1142.0,2024-01-21 20:00:00
C0349,S09,4142.0,2024-01-22 09:00:00
C0309,S03,1056.0,2024-01-22 09:00:00
C0302,S11,705.0,2024-01-22 09:00:00
C0008,S10,3821.0,2024-01-22 09:00:00
C0394,S11,206.0,2024-01-22 09:00:00
C0182,S09,4689.0,2024-01-22 10:00:00
C0239,S20,2474.0,2024-01-22 10:00:00
C0159,S07,6332.0,2024-01-22 10:00:00
C0197,S06,4185.0,2024-01-22 10:00:00
C0204,S15,411.0,2024-01-22 11:00:00
C0007,S20,2580.0,2024-01-22 11:00:00
C0246,S11,798.0,2024-01-22 11:00:00
C0019,S06,2806.0,2024-01-22 11:00:00
C0177,S08,2623.0,2024-01-22 11:00:00
C0319,S13,1141.0,2024-01-22 11:00:00
C0031,S16,2628.0,2024-01-22 11:00:00
C0110,S03,735.0,2024-01-22 12:00:00
C0353,S12,724.0,2024-01-22 12:00:00
C0311,S18,3414.0,2024-01-22 12:00:00
C0018,S19,4341.0,2024-01-22 12:00:00
C0294,S02,1759.0,2024-01-22 13:00:00
C0313,S08,2315.0,2024-01-22 13:00:00
C0277,S13,852.0,2024-01-22 13:00:00
C0001,S13,749.0,2024-01-22 13:00:00
C0124,S10,2640.0,2024-01-22 13:00:00
C0053,S14,876.0,2024-01-22 13:00:00
C0075,S07,3615.0,2024-01-22 13:00:00
C0205,S01,539.0,2024-01-22 14:00:00
C0306,S06,4341.0,2024-01-22 14:00:00
C0155,S04,1172.0,2024-01-22 14:00:00
C0365,S01,1161.0,2024-01-22 14:00:00
C0097,S07,2069.0,2024-01-22 14:00:00
C0195,S09,2642.0,2024-01-22 15:00:00
C0187,S02,2035.0,2024-01-22 15:00:00
C0170,S18,3630.0,2024-01-22 15:00:00
C0158,S17,1911.0,2024-01-22 15:00:00
C0015,S01,902.0,2024-01-22 15:00:00
C0196,S12,270.0,2024-01-22 15:00:00
C0257,S10,4966.0,2024-01-22 16:00:00
C0049,S03,1950.0,2024-01-22 16:00:00
C0041,S05,1403.0,2024-01-22 16:00:00
C0188,S19,2033.0,2024-01-22 16:00:00
C0078,S20,2850.0,2024-01-22 16:00:00
C0097,S14,630.0,2024-01-22 18:00:00
C0274,S01,1296.0,2024-01-22 18:00:00
C0117,S04,1318.0,2024-01-22 18:00:00
C0228,S06,4651.0,2024-01-22 19:00:00
C0301,S18,1225.0,2024-01-23 09:00:00
C0043,S17,1170.0,2024-01-23 09:00:00
C0131,S20,1106.0,2024-01-23 09:00:00
C0278,S10,4002.0,2024-01-23 09:00:00
C0154,S03,634.0,2024-01-23 09:00:00
C0025,S06,7148.0,2024-01-23 09:00:00
C0128,S20,2604.0,2024-01-23 10:00:00
C0311,S17,1424.0,2024-01-23 10:00:00
C0139,S03,2208.0,2024-01-23 10:00:00
C0253,S09,3840.0,2024-01-23 10:00:00
C0072,S16,4938.0,2024-01-23 10:00:00
C0060,S13,436.0,2024-01-23 11:00:00
C0255,S07,2486.0,2024-01-23 11:00:00
C0236,S18,3152.0,2024-01-23 11:00:00
C0330,S16,2868.0,2024-01-23 11:00:00
C0385,S07,2996.0,2024-01-23 11:00:00
C0132,S17,3383.0,2024-01-23 11:00:00
C0361,S14,1132.0,2024-01-23 11:00:00
C0098,S19,1667.0,2024-01-23 12:00:00
C0008,S10,4234.0,2024-01-23 12:00:00
C0266,S10,199.0,2024-01-23 12:00:00
C0034,S04,2239.0,2024-01-23 12:00:00
C0340,S20,2948.0,2024-01-23 12:00:00
C0168,S03,1449.0,2024-01-23 13:00:00
C0243,S12,823.0,2024-01-23 13:00:00
C0173,S12,540.0,2024-01-23 13:00:00
C0218,S05,1181.0,2024-01-23 13:00:00
C0184,S10,3192.0,2024-01-23 14:00:00
C0226,S12,946.0,2024-01-23 14:00:00
C0216,S20,2637.0,2024-01-23 15:00:00
C0066,S16,751.0,2024-01-23 15:00:00
C0003,S15,1532.0,2024-01-23 15:00:00
C0126,S16,394.0,2024-01-23 15:00:00
C0306,S07,2506.0,2024-01-23 15:00:00
C0121,S15,237.0,2024-01-23 15:00:00
C0309,S05,1065.0,2024-01-23 17:00:00
C0129,S18,2061.0,2024-01-23 17:00:00
C0207,S07,5244.0,2024-01-23 18:00:00
C0327,S11,468.0,2024-01-23 18:00:00
C0267,S10,437.0,2024-01-24 09:00:00
C0136,S19,2660.0,2024-01-24 09:00:00
C0127,S19,798.0,2024-01-24 09:00:00
C0319,S14,737.0,2024-01-24 09:00:00
C0350,S07,1966.0,2024-01-24 10:00:00
C0256,S20,1857.0,2024-01-24 10:00:00
C0388,S16,3343.0,2024-01-24 10:00:00
C0053,S12,686.0,2024-01-24 11:00:00
C0236,S16,1997.0,2024-01-24 11:00:00
C0187,S03,754.0,2024-01-24 12:00:00
C0332,S17,2095.0,2024-01-24 12:00:00
C0041,S02,1799.0,2024-01-24 12:00:00
C0400,S01,1259.0,2024-01-24 12:00:00
C0287,S19,1143.0,2024-01-24 13:00:00
C0154,S04,192.0,2024-01-24 13:00:00
C0378,S11,1047.0,2024-01-24 13:00:00
C0242,S14,930.0,2024-01-24 13:00:00
C0151,S06,2995.0,2024-01-24 13:00:00
C0101,S13,863.0,2024-01-24 14:00:00
C0189,S10,2989.0,2024-01-24 14:00:00
C0140,S14,732.0,2024-01-24 14:00:00
C0313,S06,1197.0,2024-01-24 15:00:00
C0059,S15,793.0,2024-01-24 16:00:00
C0397,S09,2258.0,2024-01-24 16:00:00
C0375,S02,1801.0,2024-01-24 16:00:00
C0128,S17,1876.0,2024-01-24 16:00:00
C0020,S20,1802.0,2024-01-24 16:00:00
C0308,S17,935.0,2024-01-24 17:00:00
C0169,S02,1526.0,2024-01-24 17:00:00
C0353,S13,743.0,2024-01-24 17:00:00
C0063,S17,3111.0,2024-01-24 17:00:00
C0355,S18,2835.0,2024-01-24 19:00:00
C0087,S15,660.0,2024-01-25 09:00:00
C0384,S05,787.0,2024-01-25 09:00:00
C0010,S04,1329.0,2024-01-25 09:00:00
C0372,S04,792.0,2024-01-25 09:00:00
C0128,S20,1405.0,2024-01-25 09:00:00
C0343,S17,2295.0,2024-01-25 09:00:00
C0178,S14,754.0,2024-01-25 09:00:00
C0190,S20,2317.0,2024-01-25 09:00:00
C0170,S17,4607.0,2024-01-25 10:00:00
C0284,S01,1446.0,2024-01-25 10:00:00
C0299,S04,2090.0,2024-01-25 10:00:00
C0370,S14,143.0,2024-01-25 11:00:00
C0022,S15,666.0,2024-01-25 11:00:00
C0345,S20,2476.0,2024-01-25 11:00:00
C0337,S10,2150.0,2024-01-25 11:00:00
C0055,S02,1193.0,2024-01-25 11:00:00
C0156,S19,1738.0,2024-01-25 11:00:00
C0124,S07,3452.0,2024-01-25 12:00:00
C0194,S10,1745.0,2024-01-25 13:00:00
C0370,S14,195.0,2024-01-25 13:00:00
C0382,S18,3245.0,2024-01-25 13:00:00
C0203,S02,1558.0,2024-01-25 13:00:00
C0181,S08,4762.0,2024-01-25 13:00:00
C0167,S08,5812.0,2024-01-25 13:00:00
C0103,S10,4515.0,2024-01-25 13:00:00
C0393,S12,814.0,2024-01-25 14:00:00
C0153,S03,170.0,2024-01-25 14:00:00
C0131,S12,1319.0,2024-01-25 14:00:00
C0214,S04,947.0,2024-01-25 15:00:00
C0273,S04,1597.0,2024-01-25 15:00:00
C0100,S19,4019.0,2024-01-25 15:00:00
C0255,S10,3356.0,2024-01-25 15:00:00
C0129,S19,2685.0,2024-01-25 15:00:00
C0204,S12,715.0,2024-01-25 16:00:00
C0111,S06,5818.0,2024-01-25 16:00:00
C0185,S01,1782.0,2024-01-25 16:00:00
C0396,S16,2945.0,2024-01-25 18:00:00
C0098,S20,3314.0,2024-01-25 18:00:00
C0244,S12,56.0,2024-01-25 18:00:00
C0100,S19,4767.0,2024-01-25 20:00:00
C0194,S09,1845.0,2024-01-26 09:00:00
C0384,S01,1248.0,2024-01-26 09:00:00
C0230,S03,1411.0,2024-01-26 09:00:00
C0269,S10,3912.0,2024-01-26 09:00:00
C0085,S12,920.0,2024-01-26 09:00:00
C0141,S14,515.0,2024-01-26 09:00:00
C0022,S14,832.0,2024-01-26 09:00:00
C0054,S16,2849.0,2024-01-26 09:00:00
C0275,S20,1929.0,2024-01-26 10:00:00
C0132,S18,1440.0,2024-01-26 10:00:00
C0234,S06,2356.0,2024-01-26 11:00:00
C0142,S18,1569.0,2024-01-26 11:00:00
C0313,S10,2576.0,2024-01-26 11:00:00
C0335,S01,588.0,2024-01-26 12:00:00
C0230,S02,1953.0,2024-01-26 12:00:00
C0313,S06,1518.0,2024-01-26 14:00:00
C0286,S19,3417.0,2024-01-26 14:00:00
C0100,S13,1237.0,2024-01-26 14:00:00
C0359,S06,2484.0,2024-01-26 15:00:00
C0258,S02,1571.0,2024-01-26 16:00:00
C0343,S16,2789.0,2024-01-26 16:00:00
C0173,S13,1055.0,2024-01-26 16:00:00
C0373,S10,3402.0,2024-01-26 17:00:00
C0199,S01,1311.0,2024-01-26 19:00:00
C0260,S06,4730.0,2024-01-27 09:00:00
C0018,S18,1987.0,2024-01-27 09:00:00
C0287,S19,2782.0,2024-01-27 09:00:00
C0121,S18,2788.0,2024-01-27 09:00:00
C0262,S10,5284.0,2024-01-27 09:00:00
C0097,S02,1911.0,2024-01-27 09:00:00
C0080,S11,864.0,2024-01-27 09:00:00
C0283,S16,1680.0,2024-01-27 09:00:00
C0115,S08,5249.0,2024-01-27 10:00:00
C0353,S13,1397.0,2024-01-27 10:00:00
C0053,S13,1276.0,2024-01-27 10:00:00
C0255,S06,3551.0,2024-01-27 10:00:00
C0149,S16,2969.0,2024-01-27 11:00:00
C0138,S04,1141.0,2024-01-27 11:00:00
C0052,S09,4251.0,2024-01-27 12:00:00
C0361,S12,753.0,2024-01-27 12:00:00
C0067,S03,1967.0,2024-01-27 12:00:00
C0251,S02,1391.0,2024-01-27 12:00:00
C0330,S19,1628.0,2024-01-27 12:00:00
C0295,S06,3742.0,2024-01-27 12:00:00
C0215,S19,3260.0,2024-01-27 12:00:00
C0161,S07,2639.0,2024-01-27 13:00:00
C0328,S08,2669.0,2024-01-27 13:00:00
C0113,S15,1077.0,2024-01-27 13:00:00
C0292,S18,4163.0,2024-01-27 13:00:00
C0172,S06,4225.0,2024-01-27 13:00:00
C0087,S11,772.0,2024-01-27 13:00:00
C0191,S11,1182.0,2024-01-27 13:00:00
C0206,S19,1342.0,2024-01-27 13:00:00
C0259,S18,2897.0,2024-01-27 14:00:00
C0241,S19,1289.0,2024-01-27 15:00:00
C0179,S05,1351.0,2024-01-27 16:00:00
C0394,S12,1065.0,2024-01-27 16:00:00
C0018,S17,3509.0,2024-01-27 17:00:00
C0258,S03,1217.0,2024-01-27 18:00:00
C0105,S14,1059.0,2024-01-27 18:00:00
C0047,S03,1164.0,2024-01-28 09:00:00
C0252,S10,4114.0,2024-01-28 09:00:00
C0189,S07,4404.0,2024-01-28 09:00:00
C0384,S04,1489.0,2024-01-28 09:00:00
C0228,S20,1466.0,2024-01-28 09:00:00
C0014,S02,1071.0,2024-01-28 09:00:00
C0238,S11,696.0,2024-01-28 09:00:00
C0334,S06,3026.0,2024-01-28 09:00:00
C0084,S01,1127.0,2024-01-28 10:00:00
C0370,S11,1374.0,2024-01-28 10:00:00
C0102,S03,599.0,2024-01-28 10:00:00
C0057,S14,1099.0,2024-01-28 10:00:00
C0209,S12,12.0,2024-01-28 10:00:00
C0015,S02,148.0,2024-01-28 11:00:00
C0169,S05,2135.0,2024-01-28 11:00:00
C0015,S05,681.0,2024-01-28 11:00:00
C0318,S13,800.0,2024-01-28 11:00:00
C0220,S14,1005.0,2024-01-28 11:00:00
C0380,S02,1114.0,2024-01-28 12:00:00
C0212,S06,4264.0,2024-01-28 12:00:00
C0012,S20,2902.0,2024-01-28 12:00:00
C0193,S01,1255.0,2024-01-28 12:00:00
C0342,S01,1962.0,2024-01-28 12:00:00
C0172,S08,8017.0,2024-01-28 13:00:00
C0286,S20,2961.0,2024-01-28 13:00:00
C0187,S04,1297.0,2024-01-28 13:00:00
C0111,S06,2023.0,2024-01-28 13:00:00
C0089,S14,680.0,2024-01-28 13:00:00
C0020,S17,1015.0,2024-01-28 13:00:00
C0259,S17,4381.0,2024-01-28 13:00:00
C0169,S02,856.0,2024-01-28 13:00:00
C0175,S10,4368.0,2024-01-28 14:00:00
C0106,S13,697.0,2024-01-28 14:00:00
C0078,S19,1231.0,2024-01-28 14:00:00
C0042,S08,1834.0,2024-01-28 14:00:00
C0242,S14,555.0,2024-01-28 15:00:00
C0190,S16,2884.0,2024-01-28 15:00:00
C0006,S01,1389.0,2024-01-28 15:00:00
C0236,S19,800.0,2024-01-28 15:00:00
C0284,S09,2175.0,2024-01-28 15:00:00
C0308,S16,1987.0,2024-01-28 15:00:00
C0036,S11,401.0,2024-01-28 15:00:00
C0302,S13,695.0,2024-01-28 16:00:00
C0275,S11,537.0,2024-01-28 17:00:00
C0120,S12,984.0,2024-01-28 17:00:00
C0163,S13,967.0,2024-01-28 17:00:00
C0182,S10,5038.0,2024-01-28 17:00:00
C0244,S12,475.0,2024-01-28 18:00:00
C0276,S17,1413.0,2024-01-28 20:00:00
C0090,S11,459.0,2024-01-29 09:00:00
C0233,S20,3493.0,2024-01-29 09:00:00
C0217,S03,1197.0,2024-01-29 09:00:00
C0300,S17,3748.0,2024-01-29 09:00:00
C0125,S15,692.0,2024-01-29 09:00:00
C0079,S14,1086.0,2024-01-29 09:00:00
C0315,S02,740.0,2024-01-29 10:00:00
C0026,S09,5473.0,2024-01-29 11:00:00
C0052,S14,900.0,2024-01-29 11:00:00
C0264,S13,456.0,2024-01-29 11:00:00
C0381,S05,1581.0,2024-01-29 11:00:00
C0030,S15,957.0,2024-01-29 11:00:00
C0259,S18,1539.0,2024-01-29 11:00:00
C0322,S05,1270.0,2024-01-29 12:00:00
C0180,S12,1277.0,2024-01-29 12:00:00
C0121,S19,3560.0,2024-01-29 12:00:00
C0354,S20,1264.0,2024-01-29 13:00:00
C0199,S02,588.0,2024-01-29 13:00:00
C0365,S02,1567.0,2024-01-29 13:00:00
C0147,S13,314.0,2024-01-29 13:00:00
C0239,S18,4513.0,2024-01-29 13:00:00
C0144,S19,77.0,2024-01-29 13:00:00
C0032,S18,3209.0,2024-01-29 13:00:00
C0092,S05,1178.0,2024-01-29 14:00:00
C0250,S09,3171.0,2024-01-29 14:00:00
C0232,S15,1377.0,2024-01-29 14:00:00
C0396,S19,1167.0,2024-01-29 14:00:00
C0085,S12,812.0,2024-01-29 14:00:00
C0313,S08,4062.0,2024-01-29 15:00:00
C0225,S09,5750.0,2024-01-29 15:00:00
C0347,S16,1501.0,2024-01-29 15:00:00
C0349,S08,4897.0,2024-01-29 15:00:00
C0191,S11,1673.0,2024-01-29 15:00:00
C0304,S10,3666.0,2024-01-29 16:00:00
C0160,S12,1078.0,2024-01-30 09:00:00
C0225,S03,1402.0,2024-01-30 09:00:00
C0098,S20,1200.0,2024-01-30 09:00:00
C0354,S18,2331.0,2024-01-30 09:00:00
C0301,S17,1928.0,2024-01-30 09:00:00
C0079,S15,1122.0,2024-01-30 09:00:00
C0341,S07,2894.0,2024-01-30 09:00:00
C0400,S05,620.0,2024-01-30 09:00:00
C0146,S15,717.0,2024-01-30 10:00:00
C0131,S11,570.0,2024-01-30 10:00:00
C0032,S16,4301.0,2024-01-30 10:00:00
C0226,S11,510.0,2024-01-30 10:00:00
C0121,S18,2498.0,2024-01-30 10:00:00
C0247,S02,1587.0,2024-01-30 11:00:00
C0287,S17,1563.0,2024-01-30 11:00:00
C0100,S20,1390.0,2024-01-30 11:00:00
C0394,S13,1099.0,2024-01-30 12:00:00
C0006,S04,1555.0,2024-01-30 12:00:00
C0036,S14,434.0,2024-01-30 12:00:00
C0027,S01,1135.0,2024-01-30 12:00:00
C0378,S14,727.0,2024-01-30 12:00:00
C0173,S14,1185.0,2024-01-30 12:00:00
C0010,S01,1647.0,2024-01-30 13:00:00
C0097,S14,1030.0,2024-01-30 13:00:00
C0184,S10,3560.0,2024-01-30 13:00:00
C0282,S02,1272.0,2024-01-30 13:00:00
C0061,S06,2688.0,2024-01-30 13:00:00
C0166,S08,2567.0,2024-01-30 14:00:00
C0302,S12,890.0,2024-01-30 14:00:00
C0235,S05,682.0,2024-01-30 14:00:00
C0319,S11,432.0,2024-01-30 14:00:00
C0326,S17,3179.0,2024-01-30 14:00:00
C0016,S16,1522.0,2024-01-30 14:00:00
C0391,S02,1518.0,2024-01-30 15:00:00
C0014,S04,1359.0,2024-01-30 15:00:00
C0276,S18,2422.0,2024-01-30 15:00:00
C0100,S16,2135.0,2024-01-30 16:00:00
C0285,S16,2329.0,2024-01-30 16:00:00
C0113,S14,525.0,2024-01-30 17:00:00
C0086,S02,1659.0,2024-01-30 17:00:00
C0340,S09,4434.0,2024-01-30 18:00:00
C0019,S09,6142.0,2024-01-31 09:00:00
C0218,S03,885.0,2024-01-31 09:00:00
C0084,S04,714.0,2024-01-31 09:00:00
C0271,S14,1084.0,2024-01-31 09:00:00
C0257,S07,2602.0,2024-01-31 09:00:00
C0308,S20,2089.0,2024-01-31 09:00:00
C0046,S10,3911.0,2024-01-31 09:00:00
C0018,S20,303.0,2024-01-31 10:00:00
C0074,S04,1880.0,2024-01-31 10:00:00
C0174,S03,759.0,2024-01-31 10:00:00
C0294,S03,1630.0,2024-01-31 10:00:00
C0277,S13,723.0,2024-01-31 11:00:00
C0166,S10,3248.0,2024-01-31 11:00:00
C0188,S18,2768.0,2024-01-31 11:00:00
C0133,S20,1709.0,2024-01-31 11:00:00
C0384,S03,1308.0,2024-01-31 11:00:00
C0215,S20,3140.0,2024-01-31 12:00:00
C0341,S08,3724.0,2024-01-31 12:00:00
C0131,S11,933.0,2024-01-31 12:00:00
C0377,S18,2715.0,2024-01-31 12:00:00
C0114,S05,324.0,2024-01-31 12:00:00
C0152,S19,2920.0,2024-01-31 12:00:00
C0284,S04,1481.0,2024-01-31 12:00:00
C0313,S08,3005.0,2024-01-31 12:00:00
C0284,S13,1448.0,2024-01-31 12:00:00
C0287,S18,3784.0,2024-01-31 13:00:00
C0108,S03,1533.0,2024-01-31 13:00:00
C0093,S14,1014.0,2024-01-31 14:00:00
C0203,S03,1145.0,2024-01-31 14:00:00
C0252,S06,4887.0,2024-01-31 14:00:00
C0093,S12,436.0,2024-01-31 14:00:00
C0380,S04,817.0,2024-01-31 14:00:00
C0364,S14,446.0,2024-01-31 15:00:00
C0214,S01,1200.0,2024-01-31 15:00:00
C0136,S06,2134.0,2024-01-31 16:00:00
C0372,S11,1131.0,2024-01-31 16:00:00
C0222,S08,3438.0,2024-01-31 18:00:00
C0216,S20,2144.0,2024-01-31 19:00:00
C0176,S08,5404.0,2024-01-31 20:00:00
C0143,S13,1201.0,2024-01-31 20:00:00
C0152,S17,2439.0,2024-02-01 09:00:00
C0248,S02,662.0,2024-02-01 09:00:00
C0003,S13,1134.0,2024-02-01 09:00:00
C0345,S19,830.0,2024-02-01 10:00:00
C0095,S09,4315.0,2024-02-01 10:00:00
C0176,S06,4855.0,2024-02-01 10:00:00
C0157,S07,3022.0,2024-02-01 11:00:00
C0030,S11,1154.0,2024-02-01 11:00:00
C0329,S19,1720.0,2024-02-01 11:00:00
C0013,S02,1889.0,2024-02-01 11:00:00
C0384,S05,1361.0,2024-02-01 12:00:00
C0237,S19,3342.0,2024-02-01 12:00:00
C0366,S08,1316.0,2024-02-01 12:00:00
C0092,S12,612.0,2024-02-01 12:00:00
C0091,S18,2925.0,2024-02-01 12:00:00
C0325,S09,1349.0,2024-02-01 12:00:00
C0098,S17,2259.0,2024-02-01 12:00:00
C0145,S07,4029.0,2024-02-01 12:00:00
C0020,S01,1188.0,2024-02-01 13:00:00
C0248,S03,1158.0,2024-02-01 13:00:00
C0352,S05,1952.0,2024-02-01 13:00:00
C0298,S13,1007.0,2024-02-01 13:00:00
C0052,S09,1684.0,2024-02-01 13:00:00
C0319,S12,443.0,2024-02-01 13:00:00
C0320,S16,3824.0,2024-02-01 13:00:00
C0395,S12,747.0,2024-02-01 13:00:00
C0347,S17,2688.0,2024-02-01 13:00:00
C0095,S10,2172.0,2024-02-01 14:00:00
C0058,S13,626.0,2024-02-01 14:00:00
C0124,S09,1713.0,2024-02-01 14:00:00
C0243,S12,665.0,2024-02-01 15:00:00
C0214,S02,1787.0,2024-02-01 15:00:00
C0348,S05,1230.0,2024-02-01 15:00:00
C0117,S01,1757.0,2024-02-01 16:00:00
C0315,S01,629.0,2024-02-01 16:00:00
C0252,S06,4424.0,2024-02-01 17:00:00
C0306,S06,1691.0,2024-02-01 17:00:00
C0346,S18,3544.0,2024-02-01 17:00:00
C0003,S15,1064.0,2024-02-01 17:00:00
C0020,S18,1926.0,2024-02-01 19:00:00
C0273,S05,1450.0,2024-02-01 20:00:00
C0135,S06,5050.0,2024-02-02 09:00:00
C0006,S04,1188.0,2024-02-02 09:00:00
C0332,S19,2864.0,2024-02-02 09:00:00
C0252,S09,4357.0,2024-02-02 09:00:00
C0142,S19,3348.0,2024-02-02 09:00:00
C0341,S06,3963.0,2024-02-02 10:00:00
C0379,S05,1186.0,2024-02-02 10:00:00
C0323,S15,919.0,2024-02-02 10:00:00
C0076,S11,1034.0,2024-02-02 10:00:00
C0222,S07,2274.0,2024-02-02 10:00:00
C0056,S16,1958.0,2024-02-02 11:00:00
C0351,S10,3202.0,2024-02-02 11:00:00
C0004,S20,1698.0,2024-02-02 11:00:00
C0006,S19,2025.0,2024-02-02 12:00:00
C0292,S17,2257.0,2024-02-02 12:00:00
C0386,S02,1557.0,2024-02-02 12:00:00
C0016,S16,222.0,2024-02-02 12:00:00
C0191,S01,1056.0,2024-02-02 12:00:00
C0190,S20,3650.0,2024-02-02 12:00:00
C0375,S04,748.0,2024-02-02 12:00:00
C0346,S19,718.0,2024-02-02 12:00:00
C0033,S02,873.0,2024-02-02 12:00:00
C0101,S14,828.0,2024-02-02 13:00:00
C0245,S06,1084.0,2024-02-02 13:00:00
C0393,S11,1425.0,2024-02-02 13:00:00
C0047,S04,1201.0,2024-02-02 13:00:00
C0173,S11,806.0,2024-02-02 14:00:00
C0357,S13,750.0,2024-02-02 14:00:00
C0212,S07,4614.0,2024-02-02 14:00:00
C0258,S02,1243.0,2024-02-02 14:00:00
C0105,S15,566.0,2024-02-02 14:00:00
C0324,S14,1196.0,2024-02-02 15:00:00
C0018,S16,160.0,2024-02-02 15:00:00
C0018,S20,2582.0,2024-02-02 15:00:00
C0249,S01,1990.0,2024-02-02 15:00:00
C0165,S03,894.0,2024-02-02 15:00:00
C0018,S16,3221.0,2024-02-02 15:00:00
C0301,S17,2711.0,2024-02-02 16:00:00
C0085,S14,1167.0,2024-02-02 17:00:00
C0244,S12,528.0,2024-02-02 18:00:00
C0054,S10,1993.0,2024-02-02 18:00:00
C0216,S18,2694.0,2024-02-02 19:00:00
C0172,S10,4482.0,2024-02-03 09:00:00
C0315,S04,1292.0,2024-02-03 09:00:00
C0327,S12,1158.0,2024-02-03 09:00:00
C0038,S18,3003.0,2024-02-03 09:00:00
C0277,S13,1216.0,2024-02-03 09:00:00
C0174,S05,2342.0,2024-02-03 09:00:00
C0079,S13,1223.0,2024-02-03 11:00:00
C0312,S01,310.0,2024-02-03 11:00:00
C0178,S01,711.0,2024-02-03 11:00:00
C0254,S07,4148.0,2024-02-03 12:00:00
C0366,S08,1615.0,2024-02-03 12:00:00
C0098,S18,951.0,2024-02-03 12:00:00
C0109,S04,1332.0,2024-02-03 12:00:00
C0076,S11,388.0,2024-02-03 12:00:00
C0116,S06,5220.0,2024-02-03 12:00:00
C0249,S05,1211.0,2024-02-03 12:00:00
C0193,S01,481.0,2024-02-03 12:00:00
C0160,S14,954.0,2024-02-03 12:00:00
C0016,S17,862.0,2024-02-03 12:00:00
C0170,S12,500.0,2024-02-03 12:00:00
C0375,S03,1207.0,2024-02-03 13:00:00
C0139,S02,2096.0,2024-02-03 14:00:00
C0046,S10,3576.0,2024-02-03 14:00:00
C0306,S06,4279.0,2024-02-03 14:00:00
C0053,S11,1159.0,2024-02-03 15:00:00
C0367,S01,1354.0,2024-02-03 15:00:00
C0073,S08,2571.0,2024-02-03 16:00:00
C0014,S04,356.0,2024-02-03 16:00:00
C0395,S12,717.0,2024-02-03 16:00:00
C0255,S09,4004.0,2024-02-03 17:00:00
C0143,S15,321.0,2024-02-03 17:00:00
C0164,S10,3092.0,2024-02-04 09:00:00
C0206,S20,2774.0,2024-02-04 09:00:00
C0236,S17,2220.0,2024-02-04 09:00:00
C0362,S15,584.0,2024-02-04 09:00:00
C0141,S12,1136.0,2024-02-04 09:00:00
C0231,S08,4288.0,2024-02-04 09:00:00
C0257,S07,2385.0,2024-02-04 09:00:00
C0322,S09,3484.0,2024-02-04 10:00:00
C0165,S04,1278.0,2024-02-04 10:00:00
C0266,S07,2246.0,2024-02-04 10:00:00
C0005,S02,949.0,2024-02-04 11:00:00
C0059,S15,505.0,2024-02-04 11:00:00
C0273,S10,3106.0,2024-02-04 11:00:00
C0325,S09,2613.0,2024-02-04 11:00:00
C0157,S08,4525.0,2024-02-04 11:00:00
C0012,S04,1304.0,2024-02-04 11:00:00
C0030,S15,585.0,2024-02-04 11:00:00
C0195,S09,5221.0,2024-02-04 12:00:00
C0132,S19,2573.0,2024-02-04 12:00:00
C0381,S04,1287.0,2024-02-04 12:00:00
C0281,S14,741.0,2024-02-04 12:00:00
C0161,S18,3347.0,2024-02-04 12:00:00
C0011,S05,1586.0,2024-02-04 12:00:00
C0277,S11,157.0,2024-02-04 12:00:00
C0068,S10,2999.0,2024-02-04 13:00:00
C0032,S17,2271.0,2024-02-04 13:00:00
C0176,S08,2769.0,2024-02-04 13:00:00
C0046,S07,3487.0,2024-02-04 13:00:00
C0366,S06,3379.0,2024-02-04 13:00:00
C0233,S17,2564.0,2024-02-04 14:00:00
C0028,S06,6935.0,2024-02-04 14:00:00
C0156,S18,5397.0,2024-02-04 15:00:00
C0182,S19,739.0,2024-02-04 15:00:00
C0328,S07,4314.0,2024-02-04 15:00:00
C0021,S07,2183.0,2024-02-04 15:00:00
C0297,S14,532.0,2024-02-04 16:00:00
C0390,S14,489.0,2024-02-04 16:00:00
C0240,S20,2785.0,2024-02-04 17:00:00
C0055,S02,981.0,2024-02-04 17:00:00
C0090,S15,1264.0,2024-02-05 09:00:00
C0191,S12,937.0,2024-02-05 09:00:00
C0065,S16,2193.0,2024-02-05 10:00:00
C0165,S05,1716.0,2024-02-05 11:00:00
C0252,S10,3937.0,2024-02-05 11:00:00
C0281,S11,881.0,2024-02-05 11:00:00
C0357,S14,760.0,2024-02-05 11:00:00
C0158,S16,2331.0,2024-02-05 11:00:00
C0356,S20,647.0,2024-02-05 11:00:00
C0389,S20,1724.0,2024-02-05 12:00:00
C0193,S04,2090.0,2024-02-05 12:00:00
C0262,S10,5922.0,2024-02-05 12:00:00
C0152,S19,1829.0,2024-02-05 12:00:00
C0283,S18,4279.0,2024-02-05 13:00:00
C0391,S04,650.0,2024-02-05 13:00:00
C0270,S09,2664.0,2024-02-05 14:00:00
C0219,S16,1627.0,2024-02-05 14:00:00
C0054,S20,1921.0,2024-02-05 14:00:00
C0163,S12,449.0,2024-02-05 15:00:00
C0074,S01,1969.0,2024-02-05 15:00:00
C0080,S15,1037.0,2024-02-05 16:00:00
C0075,S06,4224.0,2024-02-05 16:00:00
C0198,S12,1334.0,2024-02-05 18:00:00
C0131,S15,800.0,2024-02-05 19:00:00
C0086,S03,731.0,2024-02-05 19:00:00
C0113,S14,680.0,2024-02-06 09:00:00
C0056,S16,3067.0,2024-02-06 09:00:00
C0314,S05,919.0,2024-02-06 09:00:00
C0035,S14,331.0,2024-02-06 09:00:00
C0268,S05,958.0,2024-02-06 10:00:00
C0003,S13,1051.0,2024-02-06 10:00:00
C0129,S19,3068.0,2024-02-06 10:00:00
C0066,S19,2629.0,2024-02-06 11:00:00
C0398,S03,1152.0,2024-02-06 11:00:00
C0292,S20,2279.0,2024-02-06 11:00:00
C0175,S08,3809.0,2024-02-06 11:00:00
C0089,S13,1247.0,2024-02-06 11:00:00
C0283,S17,2987.0,2024-02-06 12:00:00
C0053,S13,499.0,2024-02-06 12:00:00
C0027,S10,2344.0,2024-02-06 12:00:00
C0047,S02,1675.0,2024-02-06 12:00:00
C0149,S20,2626.0,2024-02-06 12:00:00
C0166,S09,3289.0,2024-02-06 13:00:00
C0282,S03,1026.0,2024-02-06 13:00:00
C0143,S15,213.0,2024-02-06 13:00:00
C0178,S11,1097.0,2024-02-06 14:00:00
C0289,S10,3534.0,2024-02-06 14:00:00
C0267,S11,854.0,2024-02-06 14:00:00
C0387,S11,172.0,2024-02-06 14:00:00
C0185,S05,1259.0,2024-02-06 15:00:00
C0098,S19,4001.0,2024-02-06 15:00:00
C0394,S11,1639.0,2024-02-06 16:00:00
C0150,S14,740.0,2024-02-06 16:00:00
C0246,S14,1137.0,2024-02-06 16:00:00
C0357,S14,875.0,2024-02-06 16:00:00
C0380,S13,759.0,2024-02-06 17:00:00
C0273,S01,786.0,2024-02-06 17:00:00
C0018,S18,4011.0,2024-02-07 09:00:00
C0309,S05,1022.0,2024-02-07 09:00:00
C0222,S10,3406.0,2024-02-07 09:00:00
C0236,S19,2817.0,2024-02-07 09:00:00
C0211,S03,1692.0,2024-02-07 09:00:00
C0364,S17,2136.0,2024-02-07 09:00:00
C0360,S16,1899.0,2024-02-07 11:00:00
C0328,S10,3213.0,2024-02-07 12:00:00
C0373,S19,2572.0,2024-02-07 12:00:00
C0335,S02,911.0,2024-02-07 12:00:00
C0132,S18,2370.0,2024-02-07 12:00:00
C0339,S18,2947.0,2024-02-07 12:00:00
C0362,S14,884.0,2024-02-07 12:00:00
C0291,S18,2693.0,2024-02-07 13:00:00
C0358,S07,4041.0,2024-02-07 13:00:00
C0324,S11,478.0,2024-02-07 13:00:00
C0095,S10,2964.0,2024-02-07 13:00:00
C0050,S17,1652.0,2024-02-07 13:00:00
C0196,S12,1492.0,2024-02-07 13:00:00
C0171,S06,4309.0,2024-02-07 14:00:00
C0275,S13,376.0,2024-02-07 14:00:00
C0054,S17,2006.0,2024-02-07 14:00:00
C0066,S16,3346.0,2024-02-07 14:00:00
C0217,S04,2007.0,2024-02-07 14:00:00
C0156,S20,1898.0,2024-02-07 14:00:00
C0249,S03,1209.0,2024-02-07 15:00:00
C0211,S03,1332.0,2024-02-07 15:00:00
C0219,S19,1663.0,2024-02-07 15:00:00
C0070,S18,3289.0,2024-02-07 15:00:00
C0348,S02,1044.0,2024-02-07 15:00:00
C0223,S04,1646.0,2024-02-07 16:00:00
C0277,S11,1020.0,2024-02-07 16:00:00
C0039,S20,1272.0,2024-02-07 16:00:00
C0095,S10,2364.0,2024-02-07 16:00:00
C0038,S14,467.0,2024-02-07 16:00:00
C0028,S03,1528.0,2024-02-07 17:00:00
C0005,S01,527.0,2024-02-07 17:00:00
C0012,S16,2214.0,2024-02-07 17:00:00
C0101,S12,844.0,2024-02-07 17:00:00
C0263,S19,3616.0,2024-02-07 18:00:00
C0225,S08,4001.0,2024-02-07 19:00:00
C0162,S13,813.0,2024-02-07 20:00:00
C0239,S17,1676.0,2024-02-08 09:00:00
C0018,S18,3644.0,2024-02-08 09:00:00
C0071,S20,2367.0,2024-02-08 09:00:00
C0287,S19,3689.0,2024-02-08 09:00:00
C0220,S11,680.0,2024-02-08 09:00:00
C0329,S19,2101.0,2024-02-08 10:00:00
C0384,S01,1599.0,2024-02-08 11:00:00
C0249,S03,1537.0,2024-02-08 11:00:00
C0134,S06,4453.0,2024-02-08 11:00:00
C0123,S13,1070.0,2024-02-08 11:00:00
C0286,S18,3813.0,2024-02-08 11:00:00
C0344,S12,961.0,2024-02-08 11:00:00
C0233,S17,2157.0,2024-02-08 12:00:00
C0281,S15,1184.0,2024-02-08 12:00:00
C0256,S17,5618.0,2024-02-08 12:00:00
C0173,S12,826.0,2024-02-08 12:00:00
C0101,S13,657.0,2024-02-08 13:00:00
C0393,S15,841.0,2024-02-08 13:00:00
C0182,S06,5751.0,2024-02-08 13:00:00
C0314,S05,2490.0,2024-02-08 13:00:00
C0060,S11,1039.0,2024-02-08 13:00:00
C0218,S04,971.0,2024-02-08 13:00:00
C0297,S14,381.0,2024-02-08 13:00:00
C0127,S18,2152.0,2024-02-08 14:00:00
C0333,S03,1091.0,2024-02-08 14:00:00
C0170,S17,2480.0,2024-02-08 14:00:00
C0213,S20,2041.0,2024-02-08 14:00:00
C0026,S09,798.0,2024-02-08 14:00:00
C0236,S18,176.0,2024-02-08 14:00:00
C0090,S13,700.0,2024-02-08 14:00:00
C0234,S08,4289.0,2024-02-08 14:00:00
C0130,S13,1040.0,2024-02-08 15:00:00
C0266,S07,4434.0,2024-02-08 16:00:00
C0255,S04,2170.0,2024-02-08 16:00:00
C0316,S07,4521.0,2024-02-08 17:00:00
C0198,S11,1053.0,2024-02-08 17:00:00
C0322,S01,1018.0,2024-02-08 18:00:00
C0286,S20,3097.0,2024-02-08 19:00:00
C0173,S11,1222.0,2024-02-08 19:00:00
C0315,S04,1876.0,2024-02-09 09:00:00
C0006,S13,1245.0,2024-02-09 09:00:00
C0194,S06,5480.0,2024-02-09 09:00:00
C0098,S17,1374.0,2024-02-09 09:00:00
C0366,S08,2353.0,2024-02-09 09:00:00
C0275,S11,1109.0,2024-02-09 09:00:00
C0099,S16,2001.0,2024-02-09 09:00:00
C0256,S18,761.0,2024-02-09 09:00:00
C0044,S03,1579.0,2024-02-09 10:00:00
C0088,S12,199.0,2024-02-09 10:00:00
C0356,S20,2870.0,2024-02-09 10:00:00
C0268,S01,1012.0,2024-02-09 10:00:00
C0011,S05,1311.0,2024-02-09 11:00:00
C0098,S06,2822.0,2024-02-09 11:00:00
C0005,S17,1614.0,2024-02-09 11:00:00
C0398,S05,669.0,2024-02-09 11:00:00
C0168,S19,3537.0,2024-02-09 12:00:00
C0154,S04,1766.0,2024-02-09 12:00:00
C0326,S06,3274.0,2024-02-09 13:00:00
C0008,S06,4309.0,2024-02-09 13:00:00
C0097,S15,766.0,2024-02-09 13:00:00
C0253,S01,1615.0,2024-02-09 13:00:00
C0296,S08,3528.0,2024-02-09 14:00:00
C0078,S19,3214.0,2024-02-09 14:00:00
C0374,S06,2399.0,2024-02-09 14:00:00
C0203,S05,1437.0,2024-02-09 14:00:00
C0311,S17,1749.0,2024-02-09 14:00:00
C0346,S20,1465.0,2024-02-09 14:00:00
C0373,S08,3473.0,2024-02-09 14:00:00
C0188,S17,5058.0,2024-02-09 14:00:00
C0126,S16,4330.0,2024-02-09 15:00:00
C0023,S03,560.0,2024-02-09 15:00:00
C0357,S13,712.0,2024-02-09 15:00:00
C0023,S03,1140.0,2024-02-09 15:00:00
C0299,S02,1159.0,2024-02-09 16:00:00
C0178,S18,3745.0,2024-02-09 16:00:00
C0379,S15,967.0,2024-02-09 17:00:00
C0332,S17,3691.0,2024-02-09 18:00:00
C0257,S08,3445.0,2024-02-09 18:00:00
C0383,S02,2518.0,2024-02-09 19:00:00
C0049,S04,909.0,2024-02-09 19:00:00
C0299,S12,665.0,2024-02-10 09:00:00
C0243,S13,787.0,2024-02-10 09:00:00
C0359,S10,3091.0,2024-02-10 09:00:00
C0251,S01,1350.0,2024-02-10 09:00:00
C0220,S15,1166.0,2024-02-10 09:00:00
C0062,S17,1227.0,2024-02-10 09:00:00
C0257,S08,4510.0,2024-02-10 10:00:00
C0134,S08,7207.0,2024-02-10 10:00:00
C0363,S01,1301.0,2024-02-10 10:00:00
C0081,S10,3548.0,2024-02-10 10:00:00
C0346,S20,2245.0,2024-02-10 10:00:00
C0182,S10,4437.0,2024-02-10 10:00:00
C0327,S12,645.0,2024-02-10 11:00:00
C0273,S14,801.0,2024-02-10 11:00:00
C0295,S11,1331.0,2024-02-10 11:00:00
C0034,S03,617.0,2024-02-10 12:00:00
C0211,S02,1709.0,2024-02-10 12:00:00
C0203,S01,299.0,2024-02-10 12:00:00
C0271,S15,975.0,2024-02-10 12:00:00
C0200,S17,2702.0,2024-02-10 12:00:00
C0133,S20,2631.0,2024-02-10 12:00:00
C0350,S07,1145.0,2024-02-10 12:00:00
C0360,S17,2041.0,2024-02-10 12:00:00
C0280,S19,1665.0,2024-02-10 13:00:00
C0381,S03,1710.0,2024-02-10 13:00:00
C0125,S02,1644.0,2024-02-10 13:00:00
C0036,S15,681.0,2024-02-10 14:00:00
C0201,S02,1044.0,2024-02-10 14:00:00
C0345,S20,613.0,2024-02-10 15:00:00
C0087,S11,489.0,2024-02-10 15:00:00
C0321,S02,678.0,2024-02-10 16:00:00
C0274,S01,357.0,2024-02-10 16:00:00
C0314,S02,1070.0,2024-02-10 16:00:00
C0371,S12,655.0,2024-02-10 18:00:00
C0188,S20,1614.0,2024-02-10 18:00:00
C0052,S09,4464.0,2024-02-10 19:00:00
C0390,S13,860.0,2024-02-10 19:00:00
C0303,S11,811.0,2024-02-11 09:00:00
C0179,S01,1127.0,2024-02-11 09:00:00
C0328,S15,627.0,2024-02-11 09:00:00
C0265,S12,1205.0,2024-02-11 09:00:00
C0136,S07,4173.0,2024-02-11 09:00:00
C0241,S20,2370.0,2024-02-11 09:00:00
C0045,S04,1214.0,2024-02-11 09:00:00
C0041,S01,1128.0,2024-02-11 10:00:00
C0298,S14,797.0,2024-02-11 10:00:00
C0002,S20,2191.0,2024-02-11 10:00:00
C0207,S07,3864.0,2024-02-11 10:00:00
C0057,S06,3492.0,2024-02-11 10:00:00
C0230,S03,2029.0,2024-02-11 10:00:00
C0159,S07,5946.0,2024-02-11 11:00:00
C0230,S05,1154.0,2024-02-11 11:00:00
C0121,S16,2911.0,2024-02-11 11:00:00
C0192,S17,1421.0,2024-02-11 12:00:00
C0333,S05,1192.0,2024-02-11 12:00:00
C0071,S17,882.0,2024-02-11 12:00:00
C0029,S20,1870.0,2024-02-11 13:00:00
C0382,S20,3088.0,2024-02-11 13:00:00
C0205,S02,1562.0,2024-02-11 13:00:00
C0256,S17,3064.0,2024-02-11 13:00:00
C0273,S03,1423.0,2024-02-11 13:00:00
C0006,S05,1447.0,2024-02-11 14:00:00
C0356,S19,2570.0,2024-02-11 15:00:00
C0387,S15,695.0,2024-02-11 16:00:00
C0356,S16,4958.0,2024-02-11 16:00:00
C0284,S01,1411.0,2024-02-11 16:00:00
C0220,S14,1077.0,2024-02-11 16:00:00
C0078,S20,2309.0,2024-02-11 18:00:00
C0307,S12,1172.0,2024-02-11 19:00:00
C0086,S02,1366.0,2024-02-12 09:00:00
C0128,S18,1449.0,2024-02-12 09:00:00
C0196,S11,832.0,2024-02-12 09:00:00
C0397,S07,1889.0,2024-02-12 09:00:00
C0092,S15,1068.0,2024-02-12 09:00:00
C0190,S17,3310.0,2024-02-12 09:00:00
C0221,S01,1691.0,2024-02-12 09:00:00
C0314,S01,1549.0,2024-02-12 09:00:00
C0078,S16,2972.0,2024-02-12 10:00:00
C0389,S17,1574.0,2024-02-12 11:00:00
C0324,S15,301.0,2024-02-12 11:00:00
C0064,S02,1610.0,2024-02-12 11:00:00
C0393,S13,1133.0,2024-02-12 11:00:00
C0378,S12,734.0,2024-02-12 11:00:00
C0287,S18,3542.0,2024-02-12 11:00:00
C0266,S06,4184.0,2024-02-12 11:00:00
C0236,S18,3477.0,2024-02-12 12:00:00
C0204,S12,731.0,2024-02-12 12:00:00
C0379,S03,1512.0,2024-02-12 12:00:00
C0346,S20,915.0,2024-02-12 12:00:00
C0029,S20,3056.0,2024-02-12 12:00:00
C0207,S09,5168.0,2024-02-12 12:00:00
C0014,S03,1164.0,2024-02-12 12:00:00
C0389,S16,1446.0,2024-02-12 12:00:00
C0202,S12,863.0,2024-02-12 13:00:00
C0319,S11,715.0,2024-02-12 13:00:00
C0202,S12,1105.0,2024-02-12 13:00:00
C0177,S06,2908.0,2024-02-12 13:00:00
C0009,S02,901.0,2024-02-12 13:00:00
C0329,S20,2250.0,2024-02-12 13:00:00
C0355,S18,1811.0,2024-02-12 13:00:00
C0221,S03,687.0,2024-02-12 13:00:00
C0303,S12,1058.0,2024-02-12 14:00:00
C0208,S15,446.0,2024-02-12 14:00:00
C0330,S20,2178.0,2024-02-12 14:00:00
C0135,S08,4902.0,2024-02-12 15:00:00
C0151,S08,3506.0,2024-02-12 15:00:00
C0293,S12,913.0,2024-02-12 15:00:00
C0053,S12,525.0,2024-02-12 16:00:00
C0075,S10,2729.0,2024-02-12 17:00:00
C0046,S10,5206.0,2024-02-12 17:00:00
C0110,S03,868.0,2024-02-12 17:00:00
C0375,S02,1648.0,2024-02-12 17:00:00
C0263,S17,2622.0,2024-02-12 18:00:00
C0189,S08,5787.0,2024-02-12 20:00:00
C0026,S08,5289.0,2024-02-13 09:00:00
C0032,S16,1933.0,2024-02-13 09:00:00
C0104,S15,303.0,2024-02-13 09:00:00
C0244,S13,654.0,2024-02-13 09:00:00
C0376,S18,2045.0,2024-02-13 09:00:00
C0306,S08,2954.0,2024-02-13 09:00:00
C0227,S03,1544.0,2024-02-13 09:00:00
C0246,S14,1298.0,2024-02-13 10:00:00
C0291,S11,957.0,2024-02-13 11:00:00
C0220,S11,542.0,2024-02-13 11:00:00
C0016,S16,1832.0,2024-02-13 11:00:00
C0394,S11,377.0,2024-02-13 11:00:00
C0239,S16,771.0,2024-02-13 11:00:00
C0153,S04,942.0,2024-02-13 12:00:00
C0115,S09,3100.0,2024-02-13 12:00:00
C0301,S19,1522.0,2024-02-13 12:00:00
C0292,S16,2760.0,2024-02-13 12:00:00
C0062,S18,3142.0,2024-02-13 13:00:00
C0036,S12,56.0,2024-02-13 13:00:00
C0075,S10,2611.0,2024-02-13 13:00:00
C0357,S15,925.0,2024-02-13 13:00:00
C0357,S14,1279.0,2024-02-13 13:00:00
C0040,S08,3175.0,2024-02-13 13:00:00
C0387,S15,1122.0,2024-02-13 13:00:00
C0078,S19,2519.0,2024-02-13 14:00:00
C0059,S15,792.0,2024-02-13 14:00:00
C0298,S13,204.0,2024-02-13 14:00:00
C0055,S04,925.0,2024-02-13 14:00:00
C0066,S19,2989.0,2024-02-13 14:00:00
C0355,S16,2205.0,2024-02-13 14:00:00
C0300,S13,1206.0,2024-02-13 15:00:00
C0003,S14,733.0,2024-02-13 15:00:00
C0209,S11,397.0,2024-02-13 16:00:00
C0119,S18,3561.0,2024-02-13 16:00:00
C0349,S09,4346.0,2024-02-13 17:00:00
C0303,S13,612.0,2024-02-13 17:00:00
C0341,S06,3844.0,2024-02-14 09:00:00
C0058,S11,937.0,2024-02-14 09:00:00
C0130,S11,1396.0,2024-02-14 09:00:00
C0150,S07,5489.0,2024-02-14 09:00:00
C0066,S18,1405.0,2024-02-14 10:00:00
C0259,S18,3180.0,2024-02-14 10:00:00
C0300,S13,832.0,2024-02-14 10:00:00
C0287,S18,3966.0,2024-02-14 10:00:00
C0288,S03,1570.0,2024-02-14 11:00:00
C0392,S20,2095.0,2024-02-14 11:00:00
C0160,S12,603.0,2024-02-14 11:00:00
C0003,S12,699.0,2024-02-14 11:00:00
C0295,S06,4537.0,2024-02-14 11:00:00
C0310,S08,3388.0,2024-02-14 11:00:00
C0118,S12,29.0,2024-02-14 11:00:00
C0040,S08,5267.0,2024-02-14 12:00:00
C0391,S04,677.0,2024-02-14 12:00:00
C0013,S13,426.0,2024-02-14 12:00:00
C0023,S02,1749.0,2024-02-14 12:00:00
C0283,S16,1916.0,2024-02-14 12:00:00
C0048,S05,991.0,2024-02-14 12:00:00
C0012,S18,2211.0,2024-02-14 12:00:00
C0226,S14,596.0,2024-02-14 13:00:00
C0353,S14,581.0,2024-02-14 13:00:00
C0387,S14,534.0,2024-02-14 13:00:00
C0033,S13,950.0,2024-02-14 13:00:00
C0159,S06,4502.0,2024-02-14 14:00:00
C0140,S12,994.0,2024-02-14 14:00:00
C0279,S13,1169.0,2024-02-14 14:00:00
C0336,S16,1990.0,2024-02-14 14:00:00
C0263,S20,1427.0,2024-02-14 14:00:00
C0244,S12,795.0,2024-02-14 14:00:00
C0214,S05,2141.0,2024-02-14 14:00:00
C0164,S09,2691.0,2024-02-14 14:00:00
C0396,S16,2588.0,2024-02-14 14:00:00
C0181,S08,2771.0,2024-02-14 15:00:00
C0305,S16,3403.0,2024-02-14 15:00:00
C0338,S05,327.0,2024-02-14 15:00:00
C0353,S11,1048.0,2024-02-14 15:00:00
C0115,S08,3422.0,2024-02-14 15:00:00
C0368,S16,1828.0,2024-02-14 16:00:00
C0132,S16,3372.0,2024-02-14 16:00:00
C0317,S01,1095.0,2024-02-14 17:00:00
C0368,S16,1820.0,2024-02-14 17:00:00
C0315,S03,971.0,2024-02-14 17:00:00
C0260,S03,354.0,2024-02-14 19:00:00
C0290,S07,2300.0,2024-02-14 19:00:00
C0378,S15,667.0,2024-02-15 09:00:00
C0295,S19,2031.0,2024-02-15 09:00:00
C0387,S13,823.0,2024-02-15 09:00:00
C0227,S05,1621.0,2024-02-15 10:00:00
C0167,S15,791.0,2024-02-15 10:00:00
C0027,S05,1068.0,2024-02-15 10:00:00
C0343,S17,1960.0,2024-02-15 10:00:00
C0064,S03,473.0,2024-02-15 10:00:00
C0302,S07,4517.0,2024-02-15 11:00:00
C0318,S15,254.0,2024-02-15 11:00:00
C0102,S04,1623.0,2024-02-15 11:00:00
C0277,S12,580.0,2024-02-15 12:00:00
C0204,S12,1005.0,2024-02-15 12:00:00
C0378,S11,459.0,2024-02-15 12:00:00
C0231,S08,2077.0,2024-02-15 12:00:00
C0109,S02,1021.0,2024-02-15 13:00:00
C0039,S16,3252.0,2024-02-15 13:00:00
C0371,S12,1041.0,2024-02-15 13:00:00
C0250,S09,6820.0,2024-02-15 13:00:00
C0297,S12,987.0,2024-02-15 13:00:00
C0353,S11,853.0,2024-02-15 14:00:00
C0087,S15,474.0,2024-02-15 14:00:00
C0042,S10,1666.0,2024-02-15 15:00:00
C0247,S05,1240.0,2024-02-15 15:00:00
C0250,S09,4234.0,2024-02-15 15:00:00
C0298,S14,1236.0,2024-02-15 15:00:00
C0387,S15,789.0,2024-02-15 16:00:00
C0136,S09,3099.0,2024-02-15 16:00:00
C0097,S13,318.0,2024-02-15 17:00:00
C0360,S18,960.0,2024-02-15 18:00:00
C0396,S19,484.0,2024-02-15 18:00:00
C0307,S01,909.0,2024-02-16 09:00:00
C0248,S04,1172.0,2024-02-16 09:00:00
C0299,S01,1827.0,2024-02-16 09:00:00
C0107,S02,884.0,2024-02-16 09:00:00
C0015,S03,404.0,2024-02-16 09:00:00
C0370,S15,608.0,2024-02-16 09:00:00
C0193,S01,1324.0,2024-02-16 09:00:00
C0113,S14,835.0,2024-02-16 09:00:00
C0057,S06,4989.0,2024-02-16 09:00:00
C0224,S20,3676.0,2024-02-16 10:00:00
C0089,S15,906.0,2024-02-16 10:00:00
C0125,S14,803.0,2024-02-16 10:00:00
C0127,S17,1188.0,2024-02-16 10:00:00
C0293,S15,932.0,2024-02-16 11:00:00
C0065,S16,3076.0,2024-02-16 11:00:00
C0378,S11,1226.0,2024-02-16 11:00:00
C0151,S06,5925.0,2024-02-16 11:00:00
C0081,S08,5491.0,2024-02-16 11:00:00
C0187,S03,2343.0,2024-02-16 11:00:00
C0303,S10,3795.0,2024-02-16 11:00:00
C0114,S04,1370.0,2024-02-16 11:00:00
C0019,S10,2902.0,2024-02-16 12:00:00
C0037,S19,2880.0,2024-02-16 12:00:00
C0213,S16,1334.0,2024-02-16 12:00:00
C0066,S18,1786.0,2024-02-16 12:00:00
C0183,S03,526.0,2024-02-16 12:00:00
C0183,S01,1587.0,2024-02-16 13:00:00
C0074,S03,800.0,2024-02-16 13:00:00
C0012,S05,1672.0,2024-02-16 13:00:00
C0019,S06,5691.0,2024-02-16 14:00:00
C0320,S17,170.0,2024-02-16 14:00:00
C0075,S08,3114.0,2024-02-16 14:00:00
C0223,S04,1703.0,2024-02-16 14:00:00
C0076,S14,1422.0,2024-02-16 14:00:00
C0287,S16,2585.0,2024-02-16 14:00:00
C0164,S01,1531.0,2024-02-16 14:00:00
C0073,S02,808.0,2024-02-16 14:00:00
C0292,S19,2010.0,2024-02-16 14:00:00
C0021,S06,3742.0,2024-02-16 15:00:00
C0345,S20,2415.0,2024-02-16 15:00:00
C0316,S09,3718.0,2024-02-16 16:00:00
C0095,S06,4518.0,2024-02-16 16:00:00
C0364,S11,1040.0,2024-02-16 17:00:00
C0373,S10,2933.0,2024-02-16 17:00:00
C0260,S02,1052.0,2024-02-16 20:00:00
C0222,S07,2540.0,2024-02-16 20:00:00
C0096,S19,3613.0,2024-02-17 09:00:00
C0281,S13,603.0,2024-02-17 09:00:00
C0099,S18,1576.0,2024-02-17 09:00:00
C0259,S18,2834.0,2024-02-17 09:00:00
C0179,S03,158.0,2024-02-17 10:00:00
C0039,S10,3915.0,2024-02-17 10:00:00
C0108,S05,748.0,2024-02-17 10:00:00
C0005,S03,1382.0,2024-02-17 11:00:00
C0255,S07,3544.0,2024-02-17 11:00:00
C0282,S02,965.0,2024-02-17 11:00:00
C0081,S06,4147.0,2024-02-17 11:00:00
C0291,S15,1150.0,2024-02-17 11:00:00
C0107,S02,1060.0,2024-02-17 12:00:00
C0145,S09,2789.0,2024-02-17 12:00:00
C0058,S14,428.0,2024-02-17 12:00:00
C0256,S18,2515.0,2024-02-17 12:00:00
C0365,S05,1009.0,2024-02-17 12:00:00
C0234,S10,5400.0,2024-02-17 12:00:00
C0211,S01,11.0,2024-02-17 12:00:00
C0171,S11,650.0,2024-02-17 13:00:00
C0178,S11,1194.0,2024-02-17 13:00:00
C0342,S02,2005.0,2024-02-17 13:00:00
C0203,S01,1846.0,2024-02-17 13:00:00
C0160,S13,514.0,2024-02-17 13:00:00
C0244,S15,645.0,2024-02-17 13:00:00
C0354,S18,2555.0,2024-02-17 14:00:00
C0258,S01,1540.0,2024-02-17 14:00:00
C0119,S20,1562.0,2024-02-17 14:00:00
C0220,S15,1230.0,2024-02-17 15:00:00
C0049,S14,644.0,2024-02-17 15:00:00
C0080,S11,665.0,2024-02-17 15:00:00
C0377,S20,1839.0,2024-02-17 15:00:00
C0106,S13,1117.0,2024-02-17 15:00:00
C0059,S12,975.0,2024-02-17 15:00:00
C0122,S17,2817.0,2024-02-17 16:00:00
C0326,S06,1448.0,2024-02-17 16:00:00
C0344,S14,1122.0,2024-02-17 16:00:00
C0040,S08,3955.0,2024-02-17 17:00:00
C0215,S16,1671.0,2024-02-17 17:00:00
C0365,S01,1840.0,2024-02-17 17:00:00
C0394,S13,804.0,2024-02-17 18:00:00
C0040,S09,3889.0,2024-02-17 19:00:00
C0256,S17,2122.0,2024-02-17 20:00:00
C0339,S17,3719.0,2024-02-18 09:00:00
C0354,S19,2842.0,2024-02-18 09:00:00
C0355,S18,2568.0,2024-02-18 09:00:00
C0226,S14,995.0,2024-02-18 09:00:00
C0312,S02,1407.0,2024-02-18 09:00:00
C0183,S16,3317.0,2024-02-18 09:00:00
C0196,S13,714.0,2024-02-18 09:00:00
C0001,S11,993.0,2024-02-18 09:00:00
C0030,S13,849.0,2024-02-18 10:00:00
C0312,S03,1380.0,2024-02-18 10:00:00
C0357,S13,987.0,2024-02-18 10:00:00
C0010,S03,1384.0,2024-02-18 11:00:00
C0377,S19,3008.0,2024-02-18 11:00:00
C0362,S11,737.0,2024-02-18 11:00:00
C0353,S14,377.0,2024-02-18 11:00:00
C0062,S15,259.0,2024-02-18 11:00:00
C0159,S10,6437.0,2024-02-18 11:00:00
C0252,S08,4884.0,2024-02-18 11:00:00
C0090,S11,528.0,2024-02-18 12:00:00
C0348,S03,607.0,2024-02-18 12:00:00
C0152,S20,1392.0,2024-02-18 12:00:00
C0259,S17,2393.0,2024-02-18 12:00:00
C0269,S09,5070.0,2024-02-18 12:00:00
C0194,S08,2125.0,2024-02-18 13:00:00
C0278,S10,3895.0,2024-02-18 13:00:00
C0151,S09,1227.0,2024-02-18 14:00:00
C0337,S09,2862.0,2024-02-18 14:00:00
C0089,S15,468.0,2024-02-18 14:00:00
C0035,S14,1007.0,2024-02-18 14:00:00
C0065,S19,2332.0,2024-02-18 14:00:00
C0379,S05,1519.0,2024-02-18 14:00:00
C0256,S01,455.0,2024-02-18 14:00:00
C0375,S01,971.0,2024-02-18 15:00:00
C0169,S11,841.0,2024-02-18 15:00:00
C0216,S19,805.0,2024-02-18 15:00:00
C0098,S19,2815.0,2024-02-18 15:00:00
C0020,S19,427.0,2024-02-18 16:00:00
C0054,S19,3131.0,2024-02-18 17:00:00
C0276,S20,3965.0,2024-02-18 17:00:00
C0308,S20,498.0,2024-02-19 09:00:00
C0133,S17,1298.0,2024-02-19 09:00:00
C0174,S05,754.0,2024-02-19 09:00:00
C0273,S04,1242.0,2024-02-19 09:00:00
C0077,S16,2344.0,2024-02-19 09:00:00
C0181,S10,4966.0,2024-02-19 09:00:00
C0343,S20,2041.0,2024-02-19 10:00:00
C0087,S02,1762.0,2024-02-19 10:00:00
C0364,S12,1356.0,2024-02-19 10:00:00
C0175,S10,2117.0,2024-02-19 11:00:00
C0255,S05,1967.0,2024-02-19 11:00:00
C0282,S03,818.0,2024-02-19 11:00:00
C0352,S02,1968.0,2024-02-19 12:00:00
C0234,S09,3637.0,2024-02-19 12:00:00
C0333,S01,812.0,2024-02-19 12:00:00
C0168,S03,1149.0,2024-02-19 12:00:00
C0387,S13,852.0,2024-02-19 12:00:00
C0139,S04,1585.0,2024-02-19 12:00:00
C0317,S05,184.0,2024-02-19 12:00:00
C0293,S12,927.0,2024-02-19 12:00:00
C0295,S07,4044.0,2024-02-19 12:00:00
C0166,S07,3073.0,2024-02-19 13:00:00
C0084,S03,893.0,2024-02-19 13:00:00
C0028,S03,1199.0,2024-02-19 13:00:00
C0046,S08,3028.0,2024-02-19 13:00:00
C0226,S11,624.0,2024-02-19 13:00:00
C0277,S14,424.0,2024-02-19 14:00:00
C0231,S08,2295.0,2024-02-19 14:00:00
C0182,S07,3112.0,2024-02-19 14:00:00
C0152,S16,3496.0,2024-02-19 14:00:00
C0172,S09,2832.0,2024-02-19 14:00:00
C0077,S19,4482.0,2024-02-19 15:00:00
C0380,S05,788.0,2024-02-19 15:00:00
C0399,S01,1038.0,2024-02-19 15:00:00
C0342,S02,1361.0,2024-02-19 15:00:00
C0204,S14,973.0,2024-02-19 15:00:00
C0252,S10,2608.0,2024-02-19 16:00:00
C0034,S01,1468.0,2024-02-19 16:00:00
C0302,S07,4758.0,2024-02-19 18:00:00
C0101,S15,830.0,2024-02-20 09:00:00
C0035,S06,6302.0,2024-02-20 09:00:00
C0239,S19,1534.0,2024-02-20 09:00:00
C0390,S11,696.0,2024-02-20 09:00:00
C0379,S02,1728.0,2024-02-20 10:00:00
C0014,S07,2717.0,2024-02-20 10:00:00
C0092,S11,584.0,2024-02-20 11:00:00
C0385,S07,4461.0,2024-02-20 11:00:00
C0097,S15,137.0,2024-02-20 12:00:00
C0014,S03,1544.0,2024-02-20 12:00:00
C0166,S08,3765.0,2024-02-20 12:00:00
C0181,S06,1241.0,2024-02-20 12:00:00
C0246,S12,687.0,2024-02-20 13:00:00
C0065,S17,3259.0,2024-02-20 13:00:00
C0290,S09,2460.0,2024-02-20 13:00:00
C0290,S07,2094.0,2024-02-20 13:00:00
C0342,S07,4152.0,2024-02-20 13:00:00
C0091,S19,973.0,2024-02-20 13:00:00
C0006,S05,1597.0,2024-02-20 13:00:00
C0338,S01,1237.0,2024-02-20 13:00:00
C0056,S18,2848.0,2024-02-20 13:00:00
C0064,S05,1676.0,2024-02-20 13:00:00
C0082,S01,1112.0,2024-02-20 14:00:00
C0009,S01,1745.0,2024-02-20 14:00:00
C0302,S15,889.0,2024-02-20 14:00:00
C0376,S16,2337.0,2024-02-20 14:00:00
C0395,S16,3191.0,2024-02-20 14:00:00
C0165,S05,769.0,2024-02-20 14:00:00
C0020,S18,970.0,2024-02-20 14:00:00
C0002,S18,3431.0,2024-02-20 16:00:00
C0146,S13,1390.0,2024-02-20 18:00:00
C0190,S16,1064.0,2024-02-20 18:00:00
C0119,S19,2500.0,2024-02-20 18:00:00
C0373,S08,5993.0,2024-02-20 20:00:00
C0281,S11,116.0,2024-02-21 09:00:00
C0145,S06,1791.0,2024-02-21 09:00:00
C0252,S07,2195.0,2024-02-21 09:00:00
C0046,S10,3590.0,2024-02-21 09:00:00
C0172,S10,6457.0,2024-02-21 09:00:00
C0211,S16,1666.0,2024-02-21 10:00:00
C0188,S20,3105.0,2024-02-21 10:00:00
C0148,S07,3946.0,2024-02-21 10:00:00
C0121,S18,1996.0,2024-02-21 10:00:00
C0015,S05,611.0,2024-02-21 11:00:00
C0333,S03,214.0,2024-02-21 11:00:00
C0357,S08,4233.0,2024-02-21 11:00:00
C0393,S14,1078.0,2024-02-21 11:00:00
C0244,S15,810.0,2024-02-21 12:00:00
C0151,S09,854.0,2024-02-21 12:00:00
C0024,S13,589.0,2024-02-21 12:00:00
C0123,S12,715.0,2024-02-21 12:00:00
C0137,S16,1209.0,2024-02-21 12:00:00
C0396,S20,1985.0,2024-02-21 12:00:00
C0292,S16,3643.0,2024-02-21 12:00:00
C0236,S20,3625.0,2024-02-21 12:00:00
C0133,S18,3168.0,2024-02-21 12:00:00
C0004,S06,3396.0,2024-02-21 13:00:00
C0315,S02,1186.0,2024-02-21 13:00:00
C0394,S15,737.0,2024-02-21 13:00:00
C0256,S19,1291.0,2024-02-21 13:00:00
C0390,S11,635.0,2024-02-21 13:00:00
C0179,S03,533.0,2024-02-21 13:00:00
C0047,S04,707.0,2024-02-21 14:00:00
C0129,S16,11.0,2024-02-21 14:00:00
C0181,S06,5000.0,2024-02-21 15:00:00
C0363,S03,1700.0,2024-02-21 15:00:00
C0280,S16,2251.0,2024-02-21 15:00:00
C0050,S18,3658.0,2024-02-21 15:00:00
C0083,S14,1165.0,2024-02-21 15:00:00
C0355,S12,794.0,2024-02-21 16:00:00
C0131,S11,844.0,2024-02-21 19:00:00
C0232,S15,837.0,2024-02-22 09:00:00
C0169,S02,1831.0,2024-02-22 09:00:00
C0060,S14,1071.0,2024-02-22 09:00:00
C0119,S17,867.0,2024-02-22 10:00:00
C0163,S11,863.0,2024-02-22 10:00:00
C0100,S19,1785.0,2024-02-22 10:00:00
C0297,S15,519.0,2024-02-22 10:00:00
C0306,S08,5099.0,2024-02-22 11:00:00
C0324,S14,371.0,2024-02-22 11:00:00
C0354,S20,2869.0,2024-02-22 11:00:00
C0368,S17,2899.0,2024-02-22 11:00:00
C0254,S06,4223.0,2024-02-22 11:00:00
C0297,S12,215.0,2024-02-22 12:00:00
C0032,S20,1313.0,2024-02-22 12:00:00
C0208,S14,1013.0,2024-02-22 13:00:00
C0344,S11,1225.0,2024-02-22 13:00:00
C0305,S16,400.0,2024-02-22 13:00:00
C0305,S19,3385.0,2024-02-22 13:00:00
C0021,S07,3365.0,2024-02-22 13:00:00
C0051,S05,1598.0,2024-02-22 13:00:00
C0160,S14,614.0,2024-02-22 14:00:00
C0350,S08,4107.0,2024-02-22 14:00:00
C0134,S10,4729.0,2024-02-22 14:00:00
C0236,S17,2884.0,2024-02-22 14:00:00
C0087,S11,982.0,2024-02-22 14:00:00
C0321,S04,1262.0,2024-02-22 14:00:00
C0249,S05,1507.0,2024-02-22 14:00:00
C0262,S12,650.0,2024-02-22 14:00:00
C0153,S18,2647.0,2024-02-22 15:00:00
C0332,S20,4672.0,2024-02-22 15:00:00
C0236,S20,2050.0,2024-02-22 15:00:00
C0356,S18,4242.0,2024-02-22 15:00:00
C0158,S01,2399.0,2024-02-22 16:00:00
C0399,S01,1160.0,2024-02-22 16:00:00
C0291,S13,875.0,2024-02-22 16:00:00
C0241,S16,3149.0,2024-02-22 16:00:00
C0346,S17,2127.0,2024-02-22 16:00:00
C0243,S15,803.0,2024-02-22 16:00:00
C0332,S18,1651.0,2024-02-22 16:00:00
C0380,S05,30.0,2024-02-22 16:00:00
C0039,S01,1418.0,2024-02-22 17:00:00
C0313,S06,4437.0,2024-02-22 17:00:00
C0060,S11,635.0,2024-02-22 17:00:00
C0259,S19,3270.0,2024-02-22 18:00:00
C0092,S13,456.0,2024-02-22 18:00:00
C0279,S11,725.0,2024-02-23 09:00:00
C0386,S04,1210.0,2024-02-23 09:00:00
C0277,S14,1001.0,2024-02-23 09:00:00
C0261,S18,1450.0,2024-02-23 09:00:00
C0107,S01,159.0,2024-02-23 09:00:00
C0224,S12,694.0,2024-02-23 09:00:00
C0093,S15,998.0,2024-02-23 09:00:00
C0179,S04,739.0,2024-02-23 10:00:00
C0197,S06,2769.0,2024-02-23 10:00:00
C0205,S05,1326.0,2024-02-23 10:00:00
C0182,S08,3463.0,2024-02-23 10:00:00
C0121,S16,2437.0,2024-02-23 10:00:00
C0014,S03,1469.0,2024-02-23 10:00:00
C0086,S16,4371.0,2024-02-23 11:00:00
C0111,S12,356.0,2024-02-23 11:00:00
C0180,S13,289.0,2024-02-23 11:00:00
C0179,S05,1087.0,2024-02-23 11:00:00
C0311,S16,1080.0,2024-02-23 11:00:00
C0089,S11,1236.0,2024-02-23 11:00:00
C0360,S19,3819.0,2024-02-23 11:00:00
C0261,S19,1334.0,2024-02-23 12:00:00
C0264,S13,547.0,2024-02-23 12:00:00
C0330,S04,1535.0,2024-02-23 13:00:00
C0195,S06,5472.0,2024-02-23 13:00:00
C0329,S19,2615.0,2024-02-23 13:00:00
C0006,S02,1192.0,2024-02-23 13:00:00
C0115,S06,2117.0,2024-02-23 13:00:00
C0069,S09,2952.0,2024-02-23 13:00:00
C0069,S09,4155.0,2024-02-23 13:00:00
C0151,S07,1966.0,2024-02-23 13:00:00
C0202,S15,1197.0,2024-02-23 13:00:00
C0247,S03,939.0,2024-02-23 13:00:00
C0085,S13,746.0,2024-02-23 14:00:00
C0256,S16,1501.0,2024-02-23 14:00:00
C0174,S02,983.0,2024-02-23 14:00:00
C0197,S09,2342.0,2024-02-23 14:00:00
C0199,S16,2407.0,2024-02-23 15:00:00
C0371,S13,799.0,2024-02-23 15:00:00
C0163,S11,273.0,2024-02-23 15:00:00
C0344,S12,867.0,2024-02-23 15:00:00
C0066,S16,3627.0,2024-02-23 16:00:00
C0091,S18,4588.0,2024-02-23 16:00:00
C0106,S15,686.0,2024-02-23 17:00:00
C0376,S16,3417.0,2024-02-23 17:00:00
C0052,S08,4373.0,2024-02-23 18:00:00
C0343,S18,1094.0,2024-02-23 18:00:00
C0324,S12,830.0,2024-02-23 18:00:00
C0221,S04,749.0,2024-02-23 19:00:00
C0399,S05,1430.0,2024-02-23 20:00:00
C0201,S04,1530.0,2024-02-24 09:00:00
C0279,S14,942.0,2024-02-24 09:00:00
C0071,S16,2684.0,2024-02-24 09:00:00
C0216,S02,954.0,2024-02-24 10:00:00
C0007,S17,1922.0,2024-02-24 10:00:00
C0238,S13,1003.0,2024-02-24 10:00:00
C0235,S18,1447.0,2024-02-24 11:00:00
C0310,S09,2017.0,2024-02-24 11:00:00
C0136,S06,1754.0,2024-02-24 11:00:00
C0327,S11,1036.0,2024-02-24 11:00:00
C0093,S13,94.0,2024-02-24 11:00:00
C0037,S01,942.0,2024-02-24 11:00:00
C0098,S16,1864.0,2024-02-24 12:00:00
C0224,S11,541.0,2024-02-24 12:00:00
C0001,S14,914.0,2024-02-24 12:00:00
C0007,S18,2014.0,2024-02-24 12:00:00
C0391,S01,904.0,2024-02-24 12:00:00
C0283,S18,1930.0,2024-02-24 13:00:00
C0268,S05,1918.0,2024-02-24 13:00:00
C0301,S03,1120.0,2024-02-24 13:00:00
C0290,S10,4322.0,2024-02-24 13:00:00
C0222,S08,2906.0,2024-02-24 13:00:00
C0026,S07,3472.0,2024-02-24 13:00:00
C0134,S07,5812.0,2024-02-24 13:00:00
C0201,S05,883.0,2024-02-24 13:00:00
C0016,S16,3408.0,2024-02-24 13:00:00
C0034,S05,241.0,2024-02-24 14:00:00
C0058,S13,553.0,2024-02-24 14:00:00
C0351,S08,4437.0,2024-02-24 15:00:00
C0197,S10,2987.0,2024-02-24 15:00:00
C0315,S05,1395.0,2024-02-24 15:00:00
C0314,S05,2009.0,2024-02-24 17:00:00
C0107,S04,1233.0,2024-02-24 17:00:00
C0186,S10,707.0,2024-02-24 17:00:00
C0034,S03,1102.0,2024-02-24 18:00:00
C0289,S08,2039.0,2024-02-24 19:00:00
C0202,S14,437.0,2024-02-24 19:00:00
C0279,S13,925.0,2024-02-24 19:00:00
C0133,S20,4808.0,2024-02-24 20:00:00
C0076,S11,500.0,2024-02-25 09:00:00
C0258,S04,973.0,2024-02-25 09:00:00
C0258,S05,731.0,2024-02-25 09:00:00
C0036,S14,623.0,2024-02-25 09:00:00
C0041,S04,1233.0,2024-02-25 09:00:00
C0201,S05,621.0,2024-02-25 09:00:00
C0204,S14,682.0,2024-02-25 09:00:00
C0371,S12,948.0,2024-02-25 10:00:00
C0028,S03,1119.0,2024-02-25 11:00:00
C0269,S09,5064.0,2024-02-25 11:00:00
C0262,S08,4370.0,2024-02-25 11:00:00
C0017,S02,1565.0,2024-02-25 11:00:00
C0162,S15,919.0,2024-02-25 12:00:00
C0304,S14,1020.0,2024-02-25 12:00:00
C0339,S18,3490.0,2024-02-25 12:00:00
C0216,S16,2617.0,2024-02-25 12:00:00
C0344,S13,1691.0,2024-02-25 13:00:00
C0095,S06,1496.0,2024-02-25 13:00:00
C0107,S05,1416.0,2024-02-25 13:00:00
C0148,S07,3916.0,2024-02-25 13:00:00
C0106,S15,532.0,2024-02-25 13:00:00
C0145,S07,4162.0,2024-02-25 13:00:00
C0069,S06,2983.0,2024-02-25 14:00:00
C0180,S11,873.0,2024-02-25 14:00:00
C0029,S18,4517.0,2024-02-25 14:00:00
C0015,S03,823.0,2024-02-25 14:00:00
C0292,S18,2898.0,2024-02-25 15:00:00
C0139,S04,2402.0,2024-02-25 15:00:00
C0373,S09,1005.0,2024-02-25 17:00:00
C0147,S12,856.0,2024-02-26 09:00:00
C0187,S05,2190.0,2024-02-26 09:00:00
C0041,S02,867.0,2024-02-26 09:00:00
C0010,S10,5445.0,2024-02-26 09:00:00
C0045,S03,1444.0,2024-02-26 09:00:00
C0205,S03,955.0,2024-02-26 09:00:00
C0063,S09,4596.0,2024-02-26 09:00:00
C0190,S18,2225.0,2024-02-26 09:00:00
C0356,S19,3141.0,2024-02-26 09:00:00
C0286,S17,1262.0,2024-02-26 09:00:00
C0317,S05,1031.0,2024-02-26 10:00:00
C0089,S12,642.0,2024-02-26 10:00:00
C0150,S13,459.0,2024-02-26 10:00:00
C0094,S13,580.0,2024-02-26 10:00:00
C0231,S09,2405.0,2024-02-26 10:00:00
C0179,S03,1098.0,2024-02-26 11:00:00
C0084,S03,1571.0,2024-02-26 11:00:00
C0159,S09,2602.0,2024-02-26 12:00:00
C0126,S19,2082.0,2024-02-26 12:00:00
C0269,S09,4264.0,2024-02-26 12:00:00
C0297,S15,817.0,2024-02-26 12:00:00
C0144,S18,5002.0,2024-02-26 12:00:00
C0172,S06,5350.0,2024-02-26 13:00:00
C0279,S13,531.0,2024-02-26 13:00:00
C0077,S19,3120.0,2024-02-26 13:00:00
C0002,S09,5798.0,2024-02-26 13:00:00
C0042,S10,3497.0,2024-02-26 13:00:00
C0165,S04,2492.0,2024-02-26 14:00:00
C0342,S05,1282.0,2024-02-26 14:00:00
C0197,S08,2915.0,2024-02-26 14:00:00
C0253,S06,3846.0,2024-02-26 14:00:00
C0252,S09,2921.0,2024-02-26 15:00:00
C0059,S14,762.0,2024-02-26 16:00:00
C0211,S01,1280.0,2024-02-26 16:00:00
C0291,S12,913.0,2024-02-26 16:00:00
C0393,S12,618.0,2024-02-26 17:00:00
C0387,S12,931.0,2024-02-26 17:00:00
C0361,S14,1104.0,2024-02-26 20:00:00
C0117,S02,1066.0,2024-02-27 09:00:00
C0251,S04,544.0,2024-02-27 09:00:00
C0316,S06,1779.0,2024-02-27 09:00:00
C0298,S13,555.0,2024-02-27 09:00:00
C0089,S13,801.0,2024-02-27 10:00:00
C0271,S13,1025.0,2024-02-27 10:00:00
C0202,S15,1077.0,2024-02-27 10:00:00
C0387,S15,862.0,2024-02-27 11:00:00
C0174,S03,1089.0,2024-02-27 11:00:00
C0156,S19,3850.0,2024-02-27 11:00:00
C0300,S15,1135.0,2024-02-27 11:00:00
C0233,S18,1830.0,2024-02-27 11:00:00
C0187,S03,1268.0,2024-02-27 11:00:00
C0396,S19,886.0,2024-02-27 11:00:00
C0123,S15,775.0,2024-02-27 11:00:00
C0381,S05,1485.0,2024-02-27 11:00:00
C0131,S13,656.0,2024-02-27 11:00:00
C0311,S17,2934.0,2024-02-27 12:00:00
C0073,S01,934.0,2024-02-27 13:00:00
C0050,S18,1792.0,2024-02-27 13:00:00
C0185,S04,1419.0,2024-02-27 13:00:00
C0303,S19,2587.0,2024-02-27 13:00:00
C0395,S13,1568.0,2024-02-27 14:00:00
C0051,S04,1271.0,2024-02-27 14:00:00
C0225,S08,5544.0,2024-02-27 14:00:00
C0292,S18,2081.0,2024-02-27 14:00:00
C0234,S10,3921.0,2024-02-27 15:00:00
C0234,S08,1167.0,2024-02-27 15:00:00
C0072,S16,3430.0,2024-02-27 15:00:00
C0067,S05,1040.0,2024-02-27 15:00:00
C0310,S10,5141.0,2024-02-27 15:00:00
C0139,S03,1431.0,2024-02-27 16:00:00
C0372,S12,772.0,2024-02-27 16:00:00
C0105,S13,893.0,2024-02-27 16:00:00
C0274,S02,1300.0,2024-02-27 17:00:00
C0361,S12,1048.0,2024-02-27 17:00:00
C0316,S06,4089.0,2024-02-27 17:00:00
C0008,S08,3618.0,2024-02-27 20:00:00
C0215,S20,4614.0,2024-02-28 09:00:00
C0143,S14,1128.0,2024-02-28 09:00:00
C0349,S08,5881.0,2024-02-28 09:00:00
C0117,S20,2125.0,2024-02-28 10:00:00
C0359,S10,3125.0,2024-02-28 10:00:00
C0121,S07,6235.0,2024-02-28 10:00:00
C0029,S18,1550.0,2024-02-28 11:00:00
C0256,S16,1725.0,2024-02-28 11:00:00
C0057,S09,3418.0,2024-02-28 11:00:00
C0309,S05,1228.0,2024-02-28 11:00:00
C0204,S11,133.0,2024-02-28 11:00:00
C0082,S01,1320.0,2024-02-28 11:00:00
C0067,S05,1690.0,2024-02-28 11:00:00
C0183,S03,492.0,2024-02-28 12:00:00
C0378,S13,1129.0,2024-02-28 12:00:00
C0165,S03,1568.0,2024-02-28 12:00:00
C0346,S16,2547.0,2024-02-28 12:00:00
C0110,S05,545.0,2024-02-28 12:00:00
C0278,S08,2289.0,2024-02-28 12:00:00
C0368,S18,4384.0,2024-02-28 12:00:00
C0239,S03,1319.0,2024-02-28 12:00:00
C0237,S18,2161.0,2024-02-28 12:00:00
C0196,S15,736.0,2024-02-28 13:00:00
C0155,S02,676.0,2024-02-28 13:00:00
C0199,S01,1703.0,2024-02-28 13:00:00
C0182,S07,4465.0,2024-02-28 14:00:00
C0259,S20,3109.0,2024-02-28 14:00:00
C0010,S05,1140.0,2024-02-28 14:00:00
C0061,S11,1515.0,2024-02-28 14:00:00
C0077,S16,3948.0,2024-02-28 15:00:00
C0145,S06,4611.0,2024-02-28 15:00:00
C0216,S20,3317.0,2024-02-28 15:00:00
C0230,S05,861.0,2024-02-28 15:00:00
C0233,S20,1230.0,2024-02-28 16:00:00
C0367,S01,1824.0,2024-02-28 16:00:00
C0118,S15,873.0,2024-02-28 16:00:00
C0057,S06,2705.0,2024-02-28 16:00:00
C0171,S07,2822.0,2024-02-28 17:00:00
C0137,S19,2569.0,2024-02-28 17:00:00
C0383,S05,1282.0,2024-02-28 18:00:00
C0112,S12,1216.0,2024-02-28 20:00:00
C0144,S18,2590.0,2024-02-29 09:00:00
C0063,S18,967.0,2024-02-29 09:00:00
C0002,S16,3222.0,2024-02-29 09:00:00
C0220,S14,468.0,2024-02-29 09:00:00
C0229,S17,3683.0,2024-02-29 09:00:00
C0246,S12,721.0,2024-02-29 09:00:00
C0130,S12,1274.0,2024-02-29 09:00:00
C0283,S07,4523.0,2024-02-29 09:00:00
C0043,S17,3201.0,2024-02-29 11:00:00
C0285,S02,489.0,2024-02-29 11:00:00
C0379,S02,1422.0,2024-02-29 11:00:00
C0270,S07,4260.0,2024-02-29 11:00:00
C0156,S18,106.0,2024-02-29 12:00:00
C0089,S13,1207.0,2024-02-29 12:00:00
C0116,S08,6005.0,2024-02-29 12:00:00
C0135,S09,2865.0,2024-02-29 12:00:00
C0074,S01,1357.0,2024-02-29 12:00:00
C0380,S02,1036.0,2024-02-29 12:00:00
C0276,S16,2052.0,2024-02-29 12:00:00
C0315,S05,741.0,2024-02-29 12:00:00
C0359,S07,2798.0,2024-02-29 12:00:00
C0040,S10,4032.0,2024-02-29 13:00:00
C0023,S02,1093.0,2024-02-29 13:00:00
C0382,S18,1357.0,2024-02-29 13:00:00
C0126,S16,1439.0,2024-02-29 13:00:00
C0328,S03,1632.0,2024-02-29 13:00:00
C0192,S19,2875.0,2024-02-29 14:00:00
C0006,S05,3049.0,2024-02-29 14:00:00
C0230,S01,1772.0,2024-02-29 14:00:00
C0128,S18,4131.0,2024-02-29 14:00:00
C0167,S08,3820.0,2024-02-29 15:00:00
C0200,S20,5003.0,2024-02-29 15:00:00
C0168,S05,1337.0,2024-02-29 15:00:00
C0007,S18,1989.0,2024-02-29 15:00:00
C0369,S14,709.0,2024-02-29 16:00:00
C0337,S08,5484.0,2024-02-29 17:00:00
C0294,S04,65.0,2024-02-29 17:00:00
C0040,S08,5057.0,2024-02-29 19:00:00
